0.01,-0.022,-1.0,-0.014,18.621135,-8.193299399999999,-3.2085648,0,0.026076809620810593,1.0003399422196437,179.19791148719438,-1.2601803947036765,-0.032085648,0.18621135,0.8596058800357689,0.17901537117062866,359.918067006
0.02,-0.022,-0.999,-0.04,22.86102420000001,-7.5630456000000015,-4.9274388,0,0.04565084884205331,1.0000424990969135,177.70709950045634,-1.260555271243792,-0.049274388,0.2286102420000001,0.835085681096774,0.22120145835202124,359.924369544
0.03,-0.029,-0.997,-0.042,22.2880662,-7.161975,-5.6149884000000005,0,0.05103920062069938,0.9983055644440734,177.58776253905629,-1.664631995370176,-0.056149884,0.22288066199999995,0.8276506753186642,0.21349005176432767,359.92838025
0.04,-0.033,-0.992,-0.016,22.4026578,-6.2452422,-5.72958,0,0.0366742416417845,0.9926776919020595,179.0759546472273,-1.905058577536274,-0.057295800000000015,0.22402657800000003,0.8339144012299625,0.21343411453962083,359.937547578
0.05,-0.037,-0.98,0.008,23.9496444,-5.2139178,-5.2712136,0,0.0378549864614954,0.9807308499277464,-179.5322897399615,-2.1621090628579043,-0.052712136000000014,0.23949644400000006,-0.9456453579102322,0.22754815789622973,359.947860822
0.06,-0.034,-0.98,-0.013,23.6631654,-4.297185,-4.2398892,0,0.03640054944640259,0.9806757874037678,179.23999852187745,-1.986841117707982,-0.04239889199999998,0.23663165399999989,0.8495533339396648,0.2255696004094132,359.95702815
0.0699999999999999,-0.021,-1.001,-0.005,22.8037284,-3.2658606,-3.7815228,0,0.021587033144922906,1.0012327401758292,179.7138096752803,-1.201818076217454,-0.03781522799999961,0.22803728399999768,0.8564714630610724,0.22092357574020954,359.967341394
0.08,-0.006,-1.015,0.01,21.8869956,-2.0626488000000003,-4.1825934,0,0.0116619037896906,1.0150669928630325,-179.43552782469305,-0.33867388201604637,-0.041825934000000446,0.2188699560000023,-0.9343319135556633,0.21609610605962404,359.979373512
0.09,0.01,-1.013,-0.015,19.8816426,-3.666931200000001,-4.6409598,0,0.018027756377319945,1.0131604019107734,179.15165460317326,0.5655245677639538,-0.046409597999999976,0.1988164259999999,0.8451230597172559,0.20064084461574092,359.963330688
0.0999999999999999,0.015,-1.01,-0.039,17.246035799999998,-7.448453999999999,-4.8128472,0,0.041785164831552354,1.0108639868943794,177.78868731995271,0.8502313336125021,-0.04812847199999951,0.1724603579999982,0.8366318055718808,0.1758323529035429,359.92551546
0.11,-0.003,-1.009,-0.054,14.610429000000002,-11.0007936,-5.2712136,0,0.054083269131959835,1.0104484153087676,176.9365478405319,-0.17011020895526033,-0.05271213600000056,0.14610429000000155,0.8278314459727713,0.14453108353753763,359.889992064
0.12,-0.033,-1.008,-0.058,13.6936962,-13.0634424,-6.6463128000000005,0,0.06673080248281149,1.0102064145510063,176.7068501695005,-1.8719908446589943,-0.06646312799999997,0.13693696199999994,0.8130060923855511,0.12694229629522907,359.869365576
0.13,-0.021,-0.992,-0.065,13.6936962,-11.6310474,-9.167328,0,0.06830812543175227,0.9943490332876077,176.2510993264068,-1.2101392886398101,-0.09167328000000008,0.1369369620000001,0.7856539468975227,0.13023509010626988,359.883689526
0.14,0.019,-0.98,-0.093,14.4958374,-10.3705398,-12.605076,0,0.09492101980067429,0.9845862075003894,174.57898177239431,1.1057308940877824,-0.12605076000000012,0.1449583740000001,0.7431285063302965,0.14973833678650636,359.896294602
0.15,0.033,-1.003,-0.088,15.6990492,-12.605076,-15.6417534,0,0.09398404119849284,1.0073936668452903,174.9858917164973,1.8772195058899366,-0.15641753399999972,0.1569904919999997,0.7149372383905106,0.16554884530293448,359.87394924
0.16,-0.012,-1.014,-0.092,12.605076,-15.126091199999998,-17.5325148,0,0.09277930803794561,1.0182357290922373,174.81576063146298,-0.675251565958755,-0.17532514800000018,0.12605076000000012,0.695277268813225,0.12206418126388703,359.848739088
0.17,-0.07,-1.003,-0.131,8.880849000000003,-13.0634424,-18.5065434,0,0.14852945835759318,1.013937867918937,172.55882376031536,-3.958721262865071,-0.1850654340000002,0.08880849000000011,0.6743569003000532,0.06867152605539831,359.869365576
0.18,-0.08,-0.993,-0.134,8.880849000000003,-8.4224826,-18.449247600000003,0,0.15606408939919522,1.0051890369477774,172.31466893372402,-4.564828035621144,-0.18449247599999968,0.08880848999999987,0.6737123071329326,0.06565606947452216,359.915775174
0.19,-0.037,-0.982,-0.099,7.6203414,-8.9381448,-17.9908812,0,0.1056882207249228,0.9876709978530299,174.24319594035939,-2.1469092560826777,-0.17990881200000017,0.07620341400000007,0.6878678285589785,0.06514315195978804,359.910618552
0.2,-0.0819999999999999,-0.948,-0.139,1.145916,-13.0061466,-15.813640800000002,0,0.16138463371709214,0.9616387055438232,171.65847506480472,-4.891614939590186,-0.15813640800000014,0.01145916000000001,0.6966726043024879,-0.012934243480547525,359.869938534
0.21,-0.124,-0.893,-0.193,3.2085648,-13.8082878,-12.605076,0,0.22940139493908926,0.9219945769905591,167.80450126938396,-7.729189638974996,-0.12605075999999976,0.03208564799999994,0.7094246232307437,-0.0065276618854467686,359.861917122
0.22,-0.127,-0.889,-0.205,8.078707799999998,-13.5791046,-10.599723,0,0.2411514047232568,0.9211270270706424,167.01479756546067,-7.924875835732999,-0.10599723000000008,0.08078707800000005,0.7254495102759013,0.040957909274961325,359.864208954
0.23,-0.025,-0.904,-0.146,9.167328,-9.8548776,-12.4331886,0,0.14812494725737457,0.9160551293453905,170.82569723778357,-1.563849498006699,-0.1243318860000001,0.09167328000000008,0.7261657713322336,0.08343684826862369,359.901451224
0.24,0.072,-0.8740000000000001,-0.144,5.5003968,-7.3911582,-16.329303,0,0.16099689437998485,0.8887046753562177,170.64401727550313,4.64701323507758,-0.16329302999999967,0.055003967999999896,0.6864945834601921,0.07784978524914148,359.926088418
0.25,0.139,-0.8220000000000001,-0.181,5.3285094000000015,-7.0473834,-20.3973048,0,0.22821481108815003,0.8530920231721781,167.58194430402955,9.37739416031707,-0.20397304800000018,0.05328509400000006,0.6307827597215174,0.09967369631998424,359.929526166
0.26,0.118,-0.778,-0.15,4.6982556,-9.568398599999998,-22.6891368,0,0.1908507270093567,0.8010667887261337,169.087160629976,8.470696832727867,-0.2268913680000002,0.04698255600000004,0.6154670996515992,0.08889158225237637,359.904316014
0.27,-0.005,-0.769,-0.0819999999999999,4.4690724,-11.4018642,-22.1161788,0,0.0821522975941634,0.7733757172293426,173.91343635111042,-0.37042912900420505,-0.2211617880000002,0.044690724000000036,0.6451794962741577,0.04262545109948166,359.885981358
0.28,-0.12,-0.77,-0.066,1.2605076000000002,-7.7922288,-21.0848544,0,0.13695254652615993,0.7820843944230059,175.10090754621226,-8.826107967267866,-0.2108485440000002,0.012605076000000014,0.6613492474935697,-0.031368620732674754,359.922077712
0.29,-0.16,-0.794,-0.084,-1.6042823999999998,0.1145916,-21.4286292,0,0.18070971196922428,0.8143046113095517,173.96094512457708,-11.331583711501219,-0.214286291999999,-0.016042823999999924,0.6522571478834458,-0.0723390473209,0.0011459159999999947
0.3,-0.144,-0.868,-0.085,-5.2139178,6.589017,-22.6891368,0,0.16721542991004149,0.8839598407167601,174.4070705911274,-9.375456136858393,-0.2268913680000002,-0.05213917800000004,0.6419343133886699,-0.09852383948685647,0.06589017000000005
0.31,-0.099,-0.8959999999999999,-0.072,-8.8235532,12.7196676,-24.7517856,0,0.122413234578619,0.9043235040625671,175.4057466687336,-6.285000526763234,-0.24751785600000023,-0.08823553200000007,0.6263789824314867,-0.1190652085908611,0.12719667600000012
0.32,-0.025,-0.907,-0.101,-16.902261,19.595163600000006,-25.7258142,1,0.10404806581575653,0.9129485199067908,173.64594189920277,-1.5691723420359645,-0.2572581420000002,-0.16902261000000016,0.6079319079562092,-0.17598852906485551,0.19595163600000023
0.33,0.027,-0.909,-0.106,-27.1582092,23.204799,-23.3766864,1,0.10938464243210744,0.9155577535032948,173.3486842361896,1.6899101748891459,-0.2337668640000002,-0.2715820920000003,0.6298274200805218,-0.2618234240055272,0.23204799000000023
0.34,0.031,-0.8270000000000001,-0.16,-33.5753388,23.5485738,-19.595163600000006,1,0.16297545827516485,0.842905688674599,169.0502457958546,2.1076732981680033,-0.19595163600000023,-0.33575338800000026,0.6460692467455225,-0.32359703632752296,0.2354857380000002
0.35,0.029,-0.782,-0.186,-33.74722620000001,26.2987722,-14.5531332,1,0.18824717793369442,0.8043388589394398,166.62071012510972,2.0662159804048947,-0.14553133199999932,-0.3374722619999985,0.6841514613189321,-0.3255136140278352,0.26298772199999876
0.36,0.042,-0.762,-0.122,-34.5493674,29.392745399999995,-10.313244,1,0.12902712893031448,0.7728466859604174,170.90385801834105,3.1152476337198984,-0.10313244000000009,-0.3454936740000003,0.7476486070564001,-0.3282760555536331,0.2939274540000002
0.37,0.048,-0.682,-0.098,-38.961144,32.142943800000005,-7.5057497999999985,1,0.10912378292562992,0.6906750321243704,171.82285678653426,3.985110161849639,-0.07505749800000006,-0.3896114400000003,0.7801560059031325,-0.3678466559111967,0.32142943800000034
0.38,0.069,-0.633,-0.108,-36.38283300000001,32.2002396,-6.2452422,1,0.12816005617976295,0.6458436343264522,170.31764899835184,6.133014660698277,-0.062452422000000056,-0.3638283300000004,0.7852097741211306,-0.33150572805622874,0.3220023960000003
0.39,0.092,-0.597,-0.062,-38.1590028,29.392745399999995,-4.4690724,1,0.1109414259868693,0.6072207176966214,174.07093926595414,8.714442367062183,-0.044690724000000036,-0.38159002800000036,0.8215561913728828,-0.3363361354872544,0.2939274540000002
0.4,0.103,-0.551,-0.11,-40.10706,26.8717302,-3.3231564,1,0.1506950563223625,0.5712355030983282,168.71006605204832,10.387870626096335,-0.033231564000000026,-0.40107060000000033,0.8062873296121581,-0.3473942754920598,0.2687173020000002
0.41,0.097,-0.534,-0.159,-37.9298196,26.1841806,-0.3437748,1,0.18625251676151922,0.5655492905132142,163.41895215226043,9.875896860024229,-0.003437747999999984,-0.37929819599999826,0.8096089679216719,-0.3282773250745059,0.2618418059999988
0.42,0.085,-0.502,-0.156,-35.0077338,26.8717302,3.4950437999999995,1,0.17765415840897167,0.5325082158990601,162.73700353422083,9.18495355675069,0.03495043800000003,-0.3500773380000003,0.8444133887274452,-0.30263937334950064,0.2687173020000002
0.43,0.075,-0.436,-0.12,-31.627281600000003,26.5852512,7.5630456000000015,1,0.14150971698084905,0.45838957230722427,164.61153216724102,9.416861220989913,0.07563045600000008,-0.3162728160000003,0.8942170316777942,-0.2678492635771662,0.2658525120000002
0.44,0.08,-0.364,-0.1,-26.929026,25.78311,10.9434978,1,0.12806248474865697,0.38587044457952463,164.63838368815135,11.965546763723495,0.10943497800000009,-0.2692902600000002,0.9279869616325718,-0.20842042406107902,0.25783110000000026
0.45,0.101,-0.311,-0.118,-22.2307704,22.1734746,12.9488508,1,0.15532224567009068,0.34762911270490565,159.22219178695354,16.89025982114172,0.1294885080000001,-0.22230770400000022,0.9209944944624343,-0.13717055213362578,0.22173474600000018
0.46,0.102,-0.257,-0.104,-16.8449652,15.0687954,14.381245800000002,1,0.14567086187704115,0.2954132698441287,157.96833409944952,20.19882822054931,0.14381245800000014,-0.16844965200000014,0.9290090830818174,-0.06711991134055356,0.15068795400000015
0.47,0.049,-0.174,-0.018,-9.740286,12.7769634,15.527161800000002,1,0.05220153254455275,0.18166177363441102,174.0938588862295,15.648322037965658,0.1552716179999993,-0.09740285999999954,1.0206377238120632,-0.01906592020912773,0.1277696339999994
0.48,0.015,-0.098,0.039,-0.286479,15.813640800000002,16.329303,1,0.041785164831552354,0.10653637876331258,-158.29946326068256,8.0939664461736,0.16329303000000014,-0.0028647900000000025,-0.6250788918441705,0.037417952468524286,0.15813640800000014
0.49,-0.03,-0.044,0.098,8.479778399999999,18.3919518,17.8189938,1,0.10248902380255166,0.1115347479487895,-114.17910714668918,-15.603251112375258,0.17818993800000016,0.08479778400000007,-0.3907518385407268,0.0067477894906725205,0.18391951800000017
0.5,-0.081,-0.006,0.074,13.407217200000002,21.0848544,21.3140376,1,0.10971326264403952,0.10987720418721983,-94.63546342690265,-47.49230332765666,0.2131403760000002,0.13407217200000013,-0.258743225009453,-0.10287496978933011,0.2108485440000002
0.51,-0.11,0.026,0.047,19.0795014,26.1841806,25.7258142,1,0.1196202324023825,0.12241323457861898,-61.0490047925332,-63.97408121784279,0.2572581420000002,0.19079501400000018,-0.047748141256375665,-0.1284332259594081,0.26184180600000023
0.52,-0.131,0.041,0.028,24.5226024,31.51269000000001,30.194886600000004,1,0.13395894893585872,0.1400928263688045,-34.33021719550332,-69.2433811794169,0.3019488660000003,0.2452260240000002,0.1296495323606849,-0.10048843969858204,0.3151269000000004
0.53,-0.125,0.09,-0.032,29.1635622,37.3568616,33.231564,1,0.1290310040261642,0.15731814898478816,19.573125830410195,-52.6144909774859,0.3323156400000003,0.29163562200000026,0.42804106383288426,0.028421061803560077,0.37356861600000035
0.54,-0.103,0.14,-0.086,34.8358464,41.19568020000001,34.3201842,1,0.13418271125595874,0.19392008663364402,31.561811841649348,-32.08296060269773,0.3432018420000003,0.3483584640000003,0.49851830965994315,0.18700861789703085,0.4119568020000005
0.55,-0.048,0.203,-0.106,42.4561878,41.3102718,35.2942128,1,0.11636150566231085,0.23398504225697847,27.572099837060723,-11.837771802660868,0.3529421280000003,0.4245618780000004,0.4883608230699505,0.3635552427728335,0.41310271800000037
0.56,0.021,0.226,-0.115,55.92070079999999,40.680018,35.2942128,1,0.1169016680804855,0.25444449296457566,26.969247501837305,4.734162394775206,0.3529421280000003,0.5592070080000004,0.4853615577205803,0.5799779303222646,0.40680018000000034
0.5700000000000001,0.094,0.24,-0.11,65.08802879999999,38.3308902,34.7785506,1,0.14469277798148739,0.2802427519134081,24.623564786163612,19.598291792223396,0.34778550600000036,0.6508802880000004,0.46856052729434344,0.7451460168767312,0.38330890200000034
0.5800000000000001,0.187,0.212,-0.237,76.60448459999998,36.7839036,34.4347758,1,0.3018907087010132,0.3688929383981211,48.18689756518587,30.45903203086544,0.3443477580000003,0.7660448460000004,0.58237039385664,0.913771150402312,0.36783903600000034
0.59,0.251,0.21,-0.374,90.527364,35.0650296,32.658606,1,0.45041869410582863,0.49696780579832334,60.68590592006641,30.335527733321186,0.3265860599999967,0.9052736399999908,0.626881183681911,1.0516928145936246,0.3506502959999964
0.6,0.151,0.104,-0.105,133.1554392,28.762491600000004,36.2682414,1,0.18391846019364122,0.2112865353021815,45.27414039373322,45.61610354095434,0.36268241400000034,1.331554392000001,0.5861225034514034,1.551875532044544,0.2876249160000003
0.61,0.104,-0.916,0.136,206.7232464,32.142943800000005,46.3523022,1,0.1712074764722616,0.9318626508236072,-171.55489653395537,6.4078121983711895,0.4635230220000004,2.0672324640000017,-0.39229001061667,2.088827388051599,0.32142943800000034
0.62,-0.073,-2.594,0.562,252.10152,28.4760126,43.4302164,1,0.5667212718788665,2.6551853042678584,-167.77558057294186,-1.5754527579860975,0.4343021640000004,2.521015200000002,-0.40256292424346896,2.500634762398082,0.2847601260000003
0.63,-0.113,-3.313,1.134,219.9012804,28.1322378,38.2162986,1,1.139616163451537,3.50352593825135,-161.10454232029147,-1.848294047183792,0.38216298600000037,2.199012804000002,-0.4212534583098858,2.1788769490189885,0.28132237800000026
0.64,-0.1,-3.141,1.345,229.5842706,30.3094782,42.5134836,1,1.348712348872064,3.4183191776076147,-156.81902405178352,-1.6763781267793123,0.4251348360000004,2.295842706000002,-0.3571744121979065,2.2760804132996078,0.3030947820000003
0.65,0.054,-2.661,1.715,230.3864118,24.9809688,44.4615408,1,1.715849935163329,3.1662378306122236,-147.1984403188551,0.9772235283665248,0.44461540800000043,2.303864118000002,-0.2899271578052291,2.297263916061527,0.24980968800000022
0.66,0.144,-2.377,2.162,254.679831,9.3392154,42.112413,1,2.1667902528855905,3.216381351767853,-137.71191717935454,2.5660362125094904,0.4211241300000003,2.5467983100000025,-0.26610493124055107,2.5468940209577613,0.09339215400000009
0.67,0.229,-2.41,2.515,292.2658758,-10.7143146,37.9298196,1,2.5254041260756663,3.49081165346972,-133.77865064018275,3.761349465303048,0.37929819600000036,2.9226587580000025,-0.28815428577203517,2.9268313485835997,359.892856854
0.68,0.073,-2.461,2.672,293.354496,-20.9702628,33.9191136,1,2.6729970071064426,3.6333777673123944,-132.64609253577572,1.1512354673987943,0.33919113600000034,2.9335449600000025,-0.3224271907252343,2.9246777485940263,359.790297372
0.6900000000000001,-0.057,-2.435,2.486,285.3330840000001,-26.356068,31.741873200000004,2,2.4866533735122798,3.4803261341431786,-134.40622228323375,-0.9384193679176356,0.3174187320000003,2.8533308400000035,-0.3528481387225376,2.8344664111048914,359.73643932
0.7000000000000001,-0.207,-2.19,2.137,263.84715900000003,-30.0229992,29.220858000000003,2,2.147002095946811,3.0668743045648283,-135.70176206696004,-3.870145572160628,0.2922085800000003,2.6384715900000026,-0.3843783386415738,2.6060904100887567,359.699770008
0.7100000000000001,-0.264,-1.5419999999999998,1.523,232.7355396,-35.2942128,33.3461556,2,1.5457118101379699,2.1833435368718317,-135.35517320281417,-6.9449396231245,0.3334615560000003,2.327355396000002,-0.34160627862094756,2.281224575009334,359.647057872
0.72,-0.219,-0.913,1.169,216.005166,-36.4401288,36.03905820000001,2,1.1893367899800291,1.4993635316360074,-127.99017132132889,-8.398780691976075,0.3603905819999964,2.160051659999978,-0.27816942746928436,2.1075201557612924,359.635598712
0.73,-0.24,-0.711,0.865,219.8439846,-37.4714532,32.31483119999999,2,0.8976775590377649,1.1451401660932168,-129.41901881072465,-12.097818297818057,0.3231483120000002,2.198439846000002,-0.32233510652100067,2.127314183592949,359.625285468
0.74,-0.297,-0.726,0.662,215.0884332,-37.6433406,25.6685184,2,0.7255708097766889,1.0264156078314475,-137.64001041907133,-16.8194329210117,0.25668518400000023,2.1508843320000017,-0.4293680279555601,2.0565046441740757,359.623566594
0.75,-0.274,-0.721,0.555,218.46888540000003,-31.913760600000003,18.334656,2,0.6189515328359726,0.9502326031030508,-142.41221083340898,-16.759225695827748,0.18334656000000016,2.1846888540000022,-0.5260840737980353,2.0904405229063343,359.680862394
0.76,-0.322,-0.605,0.565,206.4940632,-24.9809688,16.329303,2,0.6503145392808006,0.8882195674494003,-136.95806742923403,-21.25522162834969,0.16329303000000014,2.0649406320000017,-0.5189027931802503,1.948919924237071,359.750190312
0.77,-0.292,-0.397,0.647,197.384031,-18.048177,15.9855282,2,0.7098401228445741,0.8133154369615765,-121.53332979327617,-21.04028662754984,0.15985528200000013,1.9738403100000017,-0.4455834497177754,1.8593421660320952,359.81951822999997
0.78,-0.174,-0.299,0.573,200.1342294,-9.8548776,14.896907999999998,2,0.5988363716408681,0.6693325033195384,-117.55622875208878,-15.067717284234321,0.14896908000000011,2.001342294000002,-0.436628919164605,1.916421599580928,359.901451224
0.79,-0.029,-0.448,0.331,208.843191,-6.589017,14.7250206,2,0.3322679641494196,0.55776876929423,-143.5415550981477,-2.9803158976877757,0.14725020600000013,2.088431910000002,-0.5676194721300688,2.0632142592154863,359.93410983
0.8,-0.43,-0.821,0.797,300.4591752,-11.917526400000002,22.4599536,2,0.905598696995529,1.2223542857944254,-135.84981327016226,-20.59623705844899,0.22459953600000018,3.0045917520000027,-0.4523875923888486,2.887174693241553,359.880824736
0.81,-0.155,-0.392,0.371,569.7494352000001,-6.589017,48.0138804,2,0.40207710703296695,0.5615425184258089,-136.57655005518373,-16.023130806721113,0.4801388040000004,5.697494352000006,-0.2017352699262685,5.589431540265077,359.93410983
0.8200000000000001,-0.152,0.0819999999999999,1.108,496.468107,3.7815228,31.340802600000004,2,1.118377396051977,1.1213795075709205,-85.7674147607436,-7.790270606348574,0.31340802600000034,4.964681070000005,-0.11485477393403593,4.901223598973397,0.037815228000000034
0.8300000000000001,-0.222,-0.086,1.331,167.36103179999995,16.329303,23.0329116,2,1.3493868978169308,1.3521246244337095,-93.69691740144272,-9.449953680809006,0.2303291160000002,1.673610318000001,-0.23697061791761273,1.6182692035780673,0.16329303000000014
0.8400000000000001,-0.308,-0.247,0.748,49.3316838,11.45916,13.464512999999998,2,0.8089301576774104,0.8457996216598823,-108.27394143597769,-21.355432016188796,0.1346451300000001,0.4933168380000004,-0.40470107182076986,0.38461659494433764,0.11459160000000011
0.85,0.03,-0.159,0.855,57.9833496,11.0580894,1.9480572,2,0.8555261538959519,0.870175844298151,-100.53466477765463,1.9757087972868335,0.0194805719999998,0.579833495999994,-0.4807888078490148,0.5867781492402269,0.11058089399999887
0.86,-0.081,-0.152,0.57,62.0513514,21.7151082,1.2605076000000002,2,0.5757264975663356,0.5954536086043983,-104.93141717813755,-7.818227286651891,0.012605076000000014,0.6205135140000005,-0.5095044874534066,0.5785297289221316,0.2171510820000002
0.87,-0.083,-0.058,0.965,91.3295052,22.5745452,10.0840608,2,0.9685628528908178,0.970297892402122,-93.43954641433693,-4.907120259468115,0.10084060800000008,0.9132950520000008,-0.36453445181260896,0.884337761893195,0.2257454520000002
0.88,-0.158,-0.129,0.951,124.1599986,21.3713334,13.9228794,2,0.9640357877174477,0.9726283976935898,-97.72483392631676,-9.348923739034017,0.13922879400000013,1.241599986000001,-0.34765709018066715,1.1889108132386392,0.2137133340000002
0.89,-0.091,-0.074,1.052,154.7559558,4.2398892,9.2819196,2,1.0559285013673985,1.0585183040458017,-94.02368379016495,-4.9317614930533615,0.09281919600000009,1.5475595580000014,-0.3754221123888677,1.5153241298853088,0.04239889200000004
0.9,-0.106,-0.181,1.358,188.1021114,-11.0580894,12.4331886,2,1.362130683891968,1.37410370787652,-97.59187972883318,-4.42426018892308,0.1243318860000001,1.8810211140000017,-0.3618184205414454,1.8496515552789923,359.889419106
0.91,-0.203,-0.196,1.628,194.6338326,-18.2200644,13.8082878,2,1.6406075094305768,1.652273887707483,-96.86497677502001,-7.057247177250795,0.13808287800000013,1.9463383260000018,-0.34451940883093224,1.9015443682723872,359.817799356
0.92,-0.269,-0.23,1.857,185.5810962,-18.1054728,15.6990492,2,1.8763821572376986,1.8904258779439094,-97.06045133236756,-8.180726483432647,0.15699049200000012,1.8558109620000016,-0.32667837279783546,1.8058779398834228,359.818945272
0.93,-0.188,-0.151,1.673,172.2884706,-22.345362,12.6623718,2,1.6835299225140015,1.6902881411167743,-95.15737224834655,-6.385857861324907,0.1266237180000001,1.7228847060000017,-0.3474260131758406,1.6825427031774907,359.77654638
0.94,-0.21,-0.201,1.857,157.3342668,-27.1009134,12.7196676,2,1.8688362689117524,1.8796143221416461,-96.17759330475637,-6.414766581790089,0.1271966759999987,1.5733426679999838,-0.35193163236196034,1.5336008309363527,359.728990866
0.95,-0.202,-0.056,1.955,140.4320058,-23.0902074,12.891555,2,1.965408100115597,1.966205736946162,-91.6407603756372,-5.896740141236206,0.12891555000000013,1.4043200580000015,-0.3276500018688294,1.3679963754167377,359.769097926
0.96,-0.171,-0.149,1.77,115.04996640000002,-26.2414764,10.9434978,2,1.7782409847936809,1.7844724710681306,-94.81185917577784,-5.498899834810652,0.10943497800000009,1.1504996640000011,-0.3628102665461456,1.1174180744536804,359.737585236
0.97,-0.197,-0.133,1.556,88.0063488,-24.2934192,9.0527364,2,1.5684211806782005,1.574050189797009,-94.88551500761253,-7.18969769346167,0.09052736400000008,0.8800634880000008,-0.381990259739353,0.8399154224205906,359.757065808
0.98,-0.111,-0.176,1.575,72.0208206,-22.4599536,6.8182002000000015,2,1.5789065836837846,1.5886856202534219,-96.37612387245267,-4.006467546059243,0.06818200200000007,0.7202082060000006,-0.4116404152858212,0.6966924062385124,359.775400464
0.99,-0.057,0.268,1.504,56.8947294,-21.7151082,5.958763200000001,2,1.5050797321072396,1.5287540678604914,-79.89642593345371,-2.136783586974707,0.059587632000000064,0.5689472940000005,-0.3382034802659281,0.55548594633346,359.782848918
1.0,-0.108,0.087,1.439,39.0757356,-16.501190400000002,4.297185,2,1.4430471232776845,1.4456673199598862,-86.5401858069377,-4.2843290489251284,0.042971850000000034,0.3907573560000004,-0.3877901283927133,0.36749821965708995,359.834988096
1.01,-0.156,-0.075,1.4480000000000002,30.7105488,-10.2559482,5.3858052,2,1.4563790715332325,1.4583089521771442,-92.96501853244062,-6.140863979914202,0.053858052000000045,0.3071054880000003,-0.40892242851959265,0.27502603791087576,359.897440518
1.02,-0.069,-0.014,1.308,26.2414764,-4.9847346,6.589017,2,1.3098186897429736,1.3098935071218576,-90.61323416182441,-3.019512157490587,0.06589017000000005,0.26241476400000024,-0.38524975204886547,0.24608676936571916,359.950152654
1.03,-0.133,-0.064,1.18,24.637194,-3.2085648,8.4224826,2,1.187471683872925,1.1891951059435115,-93.10452590926435,-6.421414727866687,0.08422482600000007,0.24637194000000023,-0.3794007995485663,0.21319887200066437,359.967914352
1.04,-0.116,-0.027,0.979,28.5906042,3.0366774,8.9954406,2,0.9858483656222188,0.9862180286326143,-91.57976916032942,-6.75482641270365,0.08995440600000008,0.28590604200000025,-0.3661138704493878,0.2508775223248586,0.030366774000000027
1.05,-0.095,-0.023,0.856,29.7365202,0.572958,10.313244,2,0.8612554789375798,0.8615625340043518,-91.53911908420628,-6.330578976986927,0.10313244000000009,0.2973652020000003,-0.3527991596229045,0.2643903553383747,0.005729580000000005
1.06,-0.097,-0.119,0.8590000000000001,34.4920716,-0.572958,11.1153852,2,0.8644593686229562,0.8726115974475701,-97.88716671485426,-6.3822214889290345,0.11115385200000011,0.34492071600000035,-0.37639998166592836,0.31145234682124984,359.99427042
1.07,-0.067,-0.024,0.86,35.6379876,-7.0473834,9.740286,2,0.8626059355232839,0.8629397429716631,-91.59853709267597,-4.453016131807483,0.09740286000000008,0.3563798760000003,-0.35879584623220645,0.33245253267757563,359.929526166
1.08,-0.043,-0.026,0.823,30.1375908,-12.7769634,5.443101,2,0.8241225637003272,0.8245325948681471,-91.80947141530106,-2.989374424469324,0.05443101000000005,0.3013759080000003,-0.4026033304243711,0.28500401579866086,359.872230366
1.09,-0.04,0.033,0.802,19.5378678,-14.037471,2.4064236,2,0.8029968866689335,0.803674685429372,-87.64377215361394,-2.8528688230455272,0.024064236000000024,0.1953786780000002,-0.4120941539980676,0.1802132675470378,359.85962529
1.1,-0.023,0.112,0.8170000000000001,1.0313244,-14.2093584,-0.3437748,2,0.8173236812915677,0.8249618172982311,-82.19415429787652,-1.59761783152342,-0.003437748000000003,0.010313244000000008,-0.4123467855615638,0.0023135869078439036,359.857906416
1.11,-0.041,0.1,0.825,-5.5003968,-10.2559482,-0.5156622000000001,2,0.8260181596066759,0.8320492773868624,-83.08877288097531,-2.8244464881501052,-0.005156622000000006,-0.05500396800000005,-0.41850794667150787,-0.06878228899577135,359.897440518
1.12,-0.025,0.179,0.81,-14.381245800000002,-6.302537999999998,-0.6302538000000001,2,0.81038571063414,0.8299192731826391,-77.53861668645351,-1.72620549151993,-0.006302538000000007,-0.14381245800000014,-0.3920354442112011,-0.1516850601568155,359.93697462
1.13,-0.033,0.179,0.835,-18.7930224,-5.7868758000000025,-1.2032118,2,0.8356518413789321,0.854608097317127,-77.90055691829457,-2.2129803321776245,-0.012032117999999745,-0.187930223999996,-0.39953721650891755,-0.19800510016008344,359.942131242
1.14,-0.04,0.154,0.852,-21.02755860000001,-5.7868758000000025,-1.9480572,2,0.852938450299903,0.8667294849028733,-79.7543433650469,-2.6451684765793027,-0.01948057200000002,-0.2102755860000003,-0.4161714316668894,-0.22238948097800645,359.942131242
1.15,-0.0819999999999999,0.029,0.91,-20.2827132,-5.0993262,-1.9480572,2,0.9136870361343647,0.914147143516841,-88.17470828433532,-5.146411559098104,-0.01948057200000002,-0.2028271320000002,-0.45806379444941775,-0.22742207939849754,359.949006738
1.16,-0.06,-0.02,0.945,-16.615782,-4.7555514,-1.8907614,2,0.9469028461251978,0.9471140374843993,-91.21242808994494,-3.63213956225912,-0.018907614000000017,-0.16615782000000015,-0.472606720845485,-0.18340151025999532,359.952444486
1.17,-0.055,-0.034,0.962,-11.2299768,-4.010706000000001,-1.432395,2,0.9635709626176995,0.9641706280529395,-92.02416422604429,-3.270146721581831,-0.014323950000000014,-0.11229976800000009,-0.4720843493832927,-0.12801044936110328,359.95989294
1.18,-0.045,-0.017,0.99,-7.2765666,-4.1825934,-0.9740286,2,0.9910221995495359,0.9911679978691806,-90.98377023445566,-2.6021791086914567,-0.00974028600000001,-0.07276566600000006,-0.4623474001714091,-0.08534981248105174,359.958174066
1.19,-0.062,-0.021,1.055,-4.6409598,-3.8961144,-0.9167328,2,1.0568202306920509,1.0570288548568578,-91.1403341198126,-3.3626124658791436,-0.009167328000000008,-0.046409598000000045,-0.46255621751149323,-0.06290811973074162,359.961038856
1.2,-0.056,-0.031,1.095,-3.2085648,-0.6302538000000001,-1.0886202,2,1.0964310283825427,1.0968691808962452,-91.62163914970544,-2.9264740293929323,-0.01088620200000001,-0.03208564800000003,-0.4666610922870795,-0.04648559019598438,359.993697462
1.21,-0.062,-0.036,1.11,-0.8594370000000001,2.9220858,-1.145916,2,1.1117301830930022,1.1123129056160412,-91.85759037032027,-3.1953062465804236,-0.01145916000000001,-0.00859437000000001,-0.4684050864194915,-0.02444865794318577,0.029220858000000027
1.22,-0.057,0.058,1.087,0.5156622000000001,6.417129599999999,-1.3178034,2,1.0884934542752198,1.0900376140299013,-86.94571587361465,-2.9974650431496372,-0.013178034000000012,0.005156622000000006,-0.44567822225677767,-0.00978179424452515,0.06417129600000004
1.23,-0.067,-0.036,1.088,-1.4896908000000002,8.59437,-1.5469866,2,1.0900610074670134,1.0906553076018106,-91.89512482169309,-3.5219521458179193,-0.015469866000000014,-0.014896908000000016,-0.47258257722234137,-0.03234494400904392,0.08594370000000007
1.24,-0.065,0.003,1.068,-1.6615782,9.568398599999998,-1.9480572,2,1.0699761679588944,1.0699803736517788,-89.83905722242159,-3.482792982297715,-0.01948057200000002,-0.016615782000000013,-0.46634413742497105,-0.033860444688047886,0.09568398600000007
1.25,-0.073,-0.071,1.068,-3.151269,9.453807,-1.8907614,2,1.0704919429869615,1.072843884262757,-93.80339263078854,-3.9016172004770064,-0.018907614000000017,-0.03151269000000003,-0.4854970916954528,-0.05076694129590502,0.09453807000000007
1.26,-0.067,0.046,1.022,-1.432395,9.3965112,-1.8334656000000005,2,1.0241938293116202,1.025226316478464,-87.42286867888083,-3.747031173612386,-0.018334656000000022,-0.014323950000000014,-0.45318308397451984,-0.032894632704538754,0.09396511200000009
1.27,-0.073,-0.075,1.002,-2.6929026,9.1100322,-1.7188740000000002,2,1.0046556624037908,1.007451239514846,-94.28062399810227,-4.155298545655401,-0.01718874000000002,-0.026929026000000023,-0.4861610547169141,-0.04746817783908107,0.09110032200000007
1.28,-0.065,0.071,0.95,0.6875496,7.9641161999999985,-1.6042823999999998,2,0.9522210877732125,0.9548643882772045,-85.72584046339963,-3.903285102934804,-0.01604282400000001,0.006875496000000006,-0.4424597276785937,-0.012578039318083073,0.07964116200000006
1.29,-0.079,-0.084,0.961,-1.0313244,7.161975,-1.432395,2,0.9642416709518418,0.967893589192531,-94.99546735720759,-4.681720664935628,-0.014323950000000014,-0.010313244000000008,-0.48686695202589575,-0.03355407693997763,0.07161975000000007
1.3,-0.07,-0.041,0.954,-1.2605076000000002,6.589017,-1.3178034,2,0.9565646867828647,0.9574429486919833,-92.46088288051067,-4.192715867096851,-0.013178034000000012,-0.012605076000000014,-0.4731168640821303,-0.03340164709998379,0.06589017000000005
1.31,-0.072,0.058,0.968,-2.4637194,6.9327918,-1.3178034,2,0.9706739926463467,0.9724052653086572,-86.57108786371026,-4.246248986794368,-0.013178034000000012,-0.024637194000000022,-0.4438144013119798,-0.04564023774524507,0.06932791800000007
1.32,-0.076,-0.133,1.008,-5.9014674000000005,6.8182002000000015,-1.3178034,2,1.0108610191317104,1.0195729498177166,-97.5164417162695,-4.274850437022421,-0.013178034000000012,-0.05901467400000006,-0.49826889809088004,-0.07998898127871801,0.06818200200000007
1.33,-0.074,-0.049,1.001,-4.6409598,5.5003968,-0.9740286,2,1.0037315378127758,1.004926863010438,-92.80245151986679,-4.222923054806465,-0.00974028600000001,-0.046409598000000045,-0.47139556577046915,-0.06718827191445952,0.05500396800000005
1.34,-0.078,-0.02,1.005,-4.4690724,4.297185,-0.9167328,2,1.0080223211814308,1.008220709963845,-91.14006403378639,-4.437065066974536,-0.009167328000000008,-0.044690724000000036,-0.4625548737999201,-0.06654333267151455,0.042971850000000034
1.35,-0.078,-0.04,1.011,-4.583664,3.4950437999999995,-0.8594370000000001,2,1.014004437860111,1.0147930823571867,-92.26571359646127,-4.408271106195203,-0.00859437000000001,-0.04583664000000004,-0.46758501291770543,-0.06754029406067211,0.03495043800000003
1.36,-0.079,-0.03,1.004,-3.3231564,2.291832,-0.5156622000000001,2,1.0071032717651154,1.0075499987593668,-91.71151603378911,-4.497064507311677,-0.005156622000000006,-0.033231564000000026,-0.461407166337247,-0.055439688096077425,0.02291832000000002
1.37,-0.078,-0.02,0.986,-2.578311,1.6615782,-0.286479,2,0.9890803809600107,0.9892825683291908,-91.16202684652139,-4.5221803188828495,-0.0028647900000000025,-0.025783110000000022,-0.4563929594354176,-0.04815324536757579,0.016615782000000013
1.38,-0.076,-0.037,0.99,-2.1772404,1.145916,-0.3437748,2,0.9929128864104846,0.9936020330091923,-92.14036123755454,-4.386803153475694,-0.0034377479999999267,-0.021772403999999537,-0.4618304021768759,-0.043488974892912854,0.011459159999999755
1.39,-0.08,-0.038,0.999,-2.9793816000000004,1.3750992,-0.3437748,2,1.0021980842128966,1.002918241932013,-92.17836882388042,-4.575185661490129,-0.003437748000000003,-0.029793816000000032,-0.46201949464615893,-0.05240770577855728,0.013750992000000012
1.4,-0.078,-0.058,1.002,-4.1252976000000015,1.3178034,-0.3437748,2,1.0050313427948403,1.0067035313338282,-93.31282550052137,-4.443765491042232,-0.003437748000000003,-0.04125297600000005,-0.46766355771402424,-0.06315602333851802,0.013178034000000012
1.41,-0.08,-0.03,1.006,-4.4690724,1.145916,-0.286479,2,1.0091759014165964,1.0096217113354882,-91.70811543516177,-4.544744241420294,-0.0028647900000000025,-0.044690724000000036,-0.45910981808536966,-0.06707904995731434,0.01145916000000001
1.42,-0.0819999999999999,-0.034,1.011,-4.7555514,1.2032118,-0.286479,2,1.0143199692404758,1.0148896491737414,-91.92613510986756,-4.634376571158029,-0.0028647900000000025,-0.04755551400000004,-0.4601944930839059,-0.07037551925949212,0.012032118000000012
1.43,-0.0819999999999999,-0.018,1.01,-4.4690724,1.5469866,-0.1145916,2,1.013323245563823,1.013483102967188,-91.02100481557267,-4.640822408632594,-0.001145916000000001,-0.044690724000000036,-0.4539810349033344,-0.06755705078921631,0.015469866000000014
1.44,-0.084,-0.014,1.003,-3.8961144,1.3178034,-0.0572958,2,1.0065113014765406,1.0066086627880766,-90.79968975649267,-4.786814446068756,-0.0005729580000000005,-0.03896114400000004,-0.45230985749497626,-0.06258230470680914,0.013178034000000012
1.45,-0.084,-0.013,0.99,-3.8388186,1.2032118,0.0,2,0.993557245456949,0.9936422897602537,-90.75232558236317,-4.849427817078662,0.0,-0.03838818600000004,-0.451504107374929,-0.06232370655262955,0.012032118000000012
1.46,-0.089,-0.02,0.983,-3.666931200000001,0.8594370000000001,0.0,2,0.9870207697915986,0.9872233789776252,-91.16557223847839,-5.1723421526059505,0.0,-0.036669312000000044,-0.45356006088794,-0.06221992314729265,0.00859437000000001
1.47,-0.07,-0.023,0.968,-3.666931200000001,0.572958,0.0,2,0.9705276915163215,0.9708001854140738,-91.36111056071047,-4.134927239113642,0.0,-0.036669312000000044,-0.45453288836173145,-0.05705865492096289,0.005729580000000005
1.48,-0.076,-0.022,0.963,-4.0680017999999984,-0.0572958,-0.0572958,2,0.9659943064014404,0.9662447930002003,-91.30871020657513,-4.511260223668033,-0.0005729580000000005,-0.04068001800000002,-0.45484229754513766,-0.06292171056551202,359.999427042
1.49,-0.081,-0.023,0.972,-4.2398892,-0.4010706,-0.0572958,2,0.975369160882176,0.9756403025705734,-91.3555113768154,-4.7623147621982636,-0.0005729580000000005,-0.04239889200000004,-0.4550751391881241,-0.06588106050844848,359.995989294
1.5,-0.078,-0.027,0.985,-4.583664,-0.3437748,-0.0572958,2,0.988083498495952,0.988452325608069,-91.57015103287208,-4.525986605482683,-0.0005729580000000005,-0.04583664000000004,-0.45614299817348064,-0.06812594331085856,359.996562252
1.51,-0.08,-0.028,1.002,-4.7555514,-0.6875496,-0.0572958,2,1.0051885395287792,1.0055784405007895,-91.6006631153473,-4.563056588871136,-0.0005729580000000005,-0.04755551400000004,-0.45629479957883,-0.07002069347697026,359.993124504
1.52,-0.0819999999999999,-0.028,1.019,-4.5263682,-0.9740286,-0.0572958,2,1.02229398902664,1.0226773684794241,-91.57397276313775,-4.599009370601296,-0.0005729580000000005,-0.04526368200000004,-0.45616201175689197,-0.06791913318707056,359.990259714
1.53,-0.081,-0.026,1.026,-4.1825934,-1.0886202,-0.0572958,2,1.0291924018374796,1.0295207622967104,-91.4516291526083,-4.51254575942291,-0.0005729580000000005,-0.04182593400000004,-0.455553337077641,-0.0640683211911582,359.989113798
1.54,-0.0819999999999999,-0.026,1.028,-3.3231564,-0.9740286,0.0,2,1.0312652423115984,1.0315929429770252,-91.44880617625776,-4.559177814685118,0.0,-0.033231564000000026,-0.4549691849564941,-0.055748709525796025,359.990259714
1.55,-0.083,-0.03,1.03,-2.3491278,-0.8594370000000001,0.0,2,1.0333387634265927,1.0337741532849427,-91.66833744829331,-4.605139119643546,0.0,-0.02349127800000002,-0.45606138033975546,-0.04628554586887278,359.99140563
1.56,-0.0819999999999999,-0.026,1.028,-1.6042823999999998,-0.9167328,0.0,2,1.0312652423115984,1.0315929429770252,-91.44880617625776,-4.559177814685118,0.0,-0.01604282400000001,-0.4549691849564941,-0.038645485645199,359.990832672
1.57,-0.081,-0.024,1.029,-1.0313244,-0.7448454000000001,0.0,2,1.0321831232877237,1.0324621058421466,-91.33610247089379,-4.499663599942059,0.0,-0.010313244000000008,-0.4544084700044345,-0.032648320397721094,359.992551546
1.58,-0.081,-0.026,1.027,-0.6875496,-0.8021411999999999,-0.0572958,2,1.030189302992416,1.0305173458025827,-91.45021629093343,-4.508172774596951,-0.0005729580000000005,-0.006875496000000006,-0.45554630791507944,-0.029270009823864834,359.991978588
1.59,-0.0819999999999999,-0.025,1.023,-0.3437748,-0.9167328,0.0,2,1.026281150562554,1.0265856028602778,-91.39991147809079,-4.581463355535281,0.0,-0.003437748000000003,-0.45472592775168325,-0.026213994803657503,359.990832672
1.6,-0.081,-0.024,1.017,0.1718874,-1.2032118,0.0,2,1.020220564387917,1.020502817242559,-91.35186187555924,-4.552505830667591,0.0,0.0017188740000000015,-0.4544868750027701,-0.020938960351579442,359.987967882
1.61,-0.081,-0.025,1.013,0.572958,-1.145916,0.0,2,1.0162332409442234,1.016540702579095,-91.4137253589545,-4.570287537347748,0.0,0.005729580000000005,-0.45479465352712456,-0.017036674315162308,359.98854084
1.62,-0.08,-0.026,1.01,0.8594370000000001,-0.8594370000000001,-0.0572958,2,1.01316336293808,1.0134969166208647,-91.47461518356752,-4.52733063761805,-0.0005729580000000005,0.00859437000000001,-0.4556676954406222,-0.013972421082676248,359.99140563
1.63,-0.08,-0.027,1.009,1.0313244,-0.7448454000000001,-0.0572958,2,1.0121664882814485,1.0125265428619636,-91.53282156992424,-4.531678555430994,-0.0005729579999999878,0.010313243999999779,-0.45595727945234715,-0.01228373012652197,359.992551546
1.64,-0.08,-0.028,1.008,1.2032118,-0.6302538000000001,-0.0572958,2,1.0111696197967974,1.011557215386258,-91.59114027119459,-4.536030139701249,-0.0005729580000000005,0.012032118000000012,-0.4562474222447369,-0.010595057411448382,359.993697462
1.65,-0.079,-0.03,1.008,1.3178034,-0.5156622000000001,-0.1145916,2,1.011090994915888,1.0115359608041625,-91.70472831900727,-4.479307541231321,-0.001145916000000001,0.013178034000000012,-0.4573826443731583,-0.009172640503637797,359.994843378
1.66,-0.081,-0.03,1.01,1.3178034,-0.4583664000000001,-0.1145916,2,1.0132428139394822,1.013686835270144,-91.70135460532613,-4.583181899703356,-0.001145916000000001,0.013178034000000012,-0.45736585972797844,-0.009689428356732487,359.995416336
1.6700000000000002,-0.081,-0.029,1.012,1.2032118,-0.5156622000000001,-0.0572958,2,1.0152364256664552,1.0156505304483427,-91.64142590443736,-4.574301717879693,-0.0005729580000000133,0.012032118000000279,-0.4564975995245517,-0.010785463273032408,359.994843378
1.68,-0.08,-0.03,1.015,1.145916,-0.4583664000000001,-0.0572958,2,1.018147828166421,1.018589711316583,-91.69297843762891,-4.504647794848531,-0.0005729579999999878,0.011459159999999755,-0.45675407978918625,-0.011009033805216213,359.995416336
1.69,-0.079,-0.03,1.016,1.0886202,-0.4010706,-0.0572958,2,1.019066729905358,1.019508214778086,-91.69131308856298,-4.444209980265475,-0.0005729580000000005,0.01088620200000001,-0.4567457944704503,-0.011278455623210714,359.995989294
1.7,-0.079,-0.029,1.016,0.9167328,-0.286479,-0.0572958,2,1.019066729905358,1.019479278847785,-91.63496711215824,-4.444336374090335,-0.0005729580000000005,0.009167328000000008,-0.4564654662296307,-0.012989406836269722,359.99713521
1.71,-0.08,-0.033,1.016,0.8594370000000001,-0.1718874,-0.0572958,2,1.0191447394752131,1.0196788710177338,-91.86033095012672,-4.49982627825456,-0.0005729580000000005,0.00859437000000001,-0.457586679353852,-0.013835583473902674,359.998281126
1.72,-0.08,-0.032,1.013,0.8021411999999999,-0.286479,-0.0572958,2,1.0161540237582096,1.0166577595238233,-91.80933410277578,-4.513225695849746,-0.0005729580000000005,0.008021412000000006,-0.45733296369538956,-0.01447235470571952,359.99713521
1.73,-0.079,-0.032,1.012,0.8594370000000001,-0.1718874,-0.0572958,2,1.0150788146740133,1.0155830837504138,-91.81112079219074,-4.461421156412334,-0.0005729580000000005,0.00859437000000001,-0.45734185269745403,-0.013644513215981155,359.998281126
1.74,-0.079,-0.032,1.012,0.6875496,-0.0572958,0.0,2,1.0150788146740133,1.0155830837504138,-91.81112079219074,-4.461421156412334,0.0,0.006875496000000006,-0.4567717452347675,-0.01535483560404086,359.999427042
1.75,-0.081,-0.032,1.01,0.572958,0.0,0.0,2,1.0132428139394822,1.013747996298883,-91.81470477439075,-4.582904797825476,0.0,0.005729580000000005,-0.4567895759919815,-0.01709944675535001,0.0
1.76,-0.079,-0.032,1.01,0.2291832,0.286479,0.0,2,1.0130848927903326,1.0135901538590437,-91.81470477439075,-4.470211066685878,0.0,0.002291832000000002,-0.4567895759919815,-0.019959426202416704,0.0028647900000000025
1.77,-0.08,-0.032,1.008,0.0,0.3437748,0.0,2,1.0111696197967974,1.0116758374103831,-91.81830296445185,-4.535497162793687,0.0,0.0,-0.45680747743507155,-0.022564662501460525,0.003437748000000003
1.78,-0.078,-0.032,1.007,-0.3437748,0.4010706,-0.0572958,2,1.0100163365015438,1.010523131848054,-91.82010741384934,-4.4269352671817845,-0.0005729580000000005,-0.003437748000000003,-0.4573865622579446,-0.025445198344187393,0.004010706000000004
1.79,-0.08,-0.033,1.006,-0.572958,0.4010706,0.0,2,1.0091759014165964,1.0097153064106734,-91.87881011722135,-4.544322082911871,0.0,-0.005729580000000005,-0.45710850804586506,-0.028309642203541048,0.004010706000000004
1.8,-0.08,-0.032,1.008,-0.8021411999999999,0.2291832,0.0,2,1.0111696197967974,1.0116758374103831,-91.81830296445185,-4.535497162793687,0.0,-0.008021412000000006,-0.45680747743507155,-0.030546166979072472,0.002291832000000002
1.81,-0.08,-0.033,1.007,-0.9167328,0.2291832,0.0,2,1.0101727575023987,1.0107116304861639,-91.87694570254193,-4.5398330466544214,0.0,-0.009167328000000008,-0.4570992323509426,-0.031707953465941796,0.002291832000000002
1.82,-0.081,-0.031,1.009,-1.0313244,0.0,0.0,2,1.0122460175273598,1.0127205932536376,-91.75977266580075,-4.587564101669613,0.0,-0.010313244000000008,-0.4565162819193945,-0.03308563632671389,0.0
1.83,-0.08,-0.03,1.01,-1.145916,-0.1145916,0.0,2,1.01316336293808,1.0136074190730848,-91.70135460532613,-4.526836043006223,0.0,-0.01145916000000001,-0.4562256448026053,-0.03392372160699554,359.998854084
1.84,-0.08,-0.03,1.011,-1.145916,-0.2291832,0.0,2,1.0141602437484916,1.014603863584207,-91.69967274958606,-4.522380968008463,0.0,-0.01145916000000001,-0.4562172773611124,-0.03390155705476788,359.997708168
1.85,-0.081,-0.028,1.012,-1.2032118,-0.286479,0.0,2,1.0152364256664552,1.0156224692276161,-91.58485439305052,-4.57442837312903,0.0,-0.012032118000000012,-0.455646041756458,-0.03473060683148711,359.99713521
1.86,-0.0819999999999999,-0.029,1.013,-1.2605076000000002,-0.4010706,0.0,2,1.016313435904495,1.016727102028858,-91.63980642835172,-4.625982954981831,0.0,-0.012605076000000014,-0.45591943496691173,-0.03555720475115279,359.995989294
1.87,-0.081,-0.029,1.014,-1.2605076000000002,-0.4010706,0.0,2,1.0172300624735784,1.0176433559946234,-91.63819014388586,-4.565324952869685,0.0,-0.012605076000000014,-0.4559113937506637,-0.035255423646117244,359.995989294
1.88,-0.079,-0.028,1.013,-1.3178034,-0.1718874,0.0,2,1.0160757845751467,1.0164615093548797,-91.58329067409427,-4.45755779703193,0.0,-0.01317803399999972,-0.4556382620601583,-0.035289376104635596,359.998281126
1.89,-0.08,-0.029,1.014,-1.2032118,-0.1145916,0.0,2,1.017150922921471,1.017564248585808,-91.63819014388586,-4.50919679929095,0.0,-0.012032118000000012,-0.4559113937506637,-0.03440607163826284,359.998854084
1.9,-0.0819999999999999,-0.03,1.015,-1.0886202,0.0,0.0,2,1.0183069281901207,1.018748742330512,-91.69297843762891,-4.616783054481233,0.0,-0.01088620200000001,-0.4561839723264997,-0.033801111713836374,0.0
1.91,-0.081,-0.029,1.013,-0.9740286,0.0,0.0,2,1.0162332409442234,1.0166469396993234,-91.63980642835172,-4.569808938137917,0.0,-0.00974028600000001,-0.45591943496691173,-0.032427194717103466,0.0
1.92,-0.081,-0.03,1.014,-0.8594370000000001,0.0,0.0,2,1.0172300624735784,1.0176723441265367,-91.69464706853717,-4.565194634879623,0.0,-0.00859437000000001,-0.4561922739728095,-0.031264023059102,0.0
1.93,-0.081,-0.03,1.013,-0.6875496,0.0,0.0,2,1.0162332409442234,1.0166759562417123,-91.6963189909956,-4.569678235791792,0.0,-0.006875496000000006,-0.4562005919949907,-0.029576007143242145,0.0
1.94,-0.081,-0.03,1.015,-0.4583664000000001,-0.1718874,0.0,2,1.0182268902361593,1.0186687390903872,-91.69297843762891,-4.560719801205684,0.0,-0.0045836640000000055,-0.4561839723264997,-0.027251007966196825,359.998281126
1.95,-0.081,-0.029,1.014,-0.286479,-0.3437748,-0.0572958,2,1.0172300624735784,1.0176433559946234,-91.63819014388586,-4.565324952869685,-0.0005729580000000005,-0.0028647900000000025,-0.45648150121335024,-0.025563596780445588,359.996562252
1.96,-0.081,-0.03,1.015,-0.1718874,-0.4583664000000001,0.0,2,1.0182268902361593,1.0186687390903872,-91.69297843762891,-4.560719801205684,0.0,-0.0017188740000000015,-0.4561839723264997,-0.024400470652763986,359.995416336
1.97,-0.081,-0.029,1.015,-0.1145916,-0.5156622000000001,0.0,2,1.0182268902361593,1.0186397793135704,-91.63657704161672,-4.5608497363433385,0.0,-0.001145916000000001,-0.45590336836624007,-0.02383100963354834,359.994843378
1.98,-0.081,-0.03,1.016,0.0,-0.5156622000000001,-0.0572958,2,1.0192237242136784,1.0196651411125124,-91.69131308856298,-4.556253709145675,-0.0005729580000000005,0.0,-0.4567457944704503,-0.022667928901221657,359.994843378
1.99,-0.08,-0.031,1.015,0.0572958,-0.4583664000000001,0.0572958,2,1.018147828166421,1.018619654238028,-91.74937655180511,-4.504515104589835,0.0005729580000000005,0.0005729580000000005,-0.4558944524965306,-0.02184041544571997,359.995416336
2.0,-0.081,-0.031,1.014,0.1145916,-0.4583664000000001,0.0,2,1.0172300624735784,1.0177023140388353,-91.75110070164466,-4.5650599110636385,0.0,0.001145916000000001,-0.4564731378191154,-0.02157152592568913,359.995416336
2.01,-0.08,-0.031,1.015,0.0572958,-0.4010706,0.0,2,1.018147828166421,1.018619654238028,-91.74937655180511,-4.504515104589835,0.0,0.0005729579999999878,-0.45646455995921714,-0.02184041544571998,359.995989294
2.02,-0.08,-0.03,1.014,0.1718874,-0.4583664000000001,0.0,2,1.017150922921471,1.0175932389712503,-91.69464706853717,-4.509068070152562,0.0,0.0017188740000000397,-0.4561922739728095,-0.020722852090310613,359.995416336
2.03,-0.08,-0.032,1.013,0.1718874,-0.4583664000000001,-0.0572958,2,1.0161540237582096,1.0166577595238233,-91.80933410277578,-4.513225695849746,-0.0005729579999999878,0.0017188739999999634,-0.45733296369538956,-0.020743536795271803,359.995416336
2.04,-0.079,-0.031,1.012,0.1718874,-0.3437748,0.0,2,1.0150788146740133,1.0155520666120472,-91.75455921398878,-4.461557693858833,0.0,0.0017188740000000397,-0.45649034434819064,-0.020486482058998532,359.996562252
2.05,-0.08,-0.032,1.012,0.1145916,-0.1718874,0.0,2,1.0151571306945542,1.0156613608875746,-91.81112079219074,-4.517662518968936,0.0,0.0011459159999999756,-0.4567717452347675,-0.021335718004819995,359.998281126
2.06,-0.08,-0.032,1.012,0.0,-0.1145916,-0.0572958,2,1.0151571306945542,1.0156613608875746,-91.81112079219074,-4.517662518968936,-0.0005729580000000133,0.0,-0.4573418526974541,-0.022475932930193107,359.998854084
2.07,-0.08,-0.031,1.012,0.0,-0.1145916,0.0,2,1.0151571306945542,1.0156303461397753,-91.75455921398878,-4.517800763425396,0.0,0.0,-0.45649034434819064,-0.02247662071355858,359.998854084
2.08,-0.08,-0.031,1.012,-0.0572958,-0.0572958,0.0,2,1.0151571306945542,1.0156303461397753,-91.75455921398878,-4.517800763425396,0.0,-0.0005729580000000133,-0.45649034434819064,-0.02304672817624516,359.999427042
2.09,-0.0819999999999999,-0.032,1.011,-0.1718874,-0.1145916,-0.0572958,2,1.0143199692404758,1.01482461538928,-91.81291101257104,-4.6346742089022355,-0.0005729579999999878,-0.0017188739999999634,-0.45735075926651025,-0.0247684030293637,359.998854084
2.1,-0.081,-0.032,1.013,-0.286479,-0.1718874,0.0,2,1.0162332409442234,1.0167369374621933,-91.80933410277578,-4.569403575885134,0.0,-0.002864790000000066,-0.456762856232703,-0.025583888437238925,359.998281126
2.11,-0.08,-0.031,1.014,-0.4010706,-0.1718874,-0.0572958,2,1.017150922921471,1.0176232112132664,-91.75110070164466,-4.508934988905781,-0.0005729579999999878,-0.004010705999999914,-0.45704324528180196,-0.02642326462142111,359.998281126
2.12,-0.08,-0.032,1.014,-0.4010706,-0.1718874,0.0,2,1.017150922921471,1.0176541652251025,-91.80755093389345,-4.508797556707901,0.0,-0.004010706000000093,-0.4567539847457263,-0.026422580879143273,359.998281126
2.13,-0.081,-0.033,1.013,-0.4010706,-0.1718874,-0.0572958,2,1.0162332409442234,1.0167689019634696,-91.86583643267626,-4.56925962071733,-0.0005729579999999878,-0.004010705999999914,-0.4576140698142975,-0.026723387167747213,359.998281126
2.14,-0.081,-0.033,1.01,-0.3437748,-0.1145916,0.0,2,1.0132428139394822,1.0137800550415261,-91.87137458628807,-4.582759562886121,0.0,-0.0034377480000000794,-0.45707151535465473,-0.026220443596447828,359.998854084
2.15,-0.08,-0.031,1.013,-0.286479,0.0,0.0,2,1.0161540237582096,1.0166267751736622,-91.75282825234954,-4.513363533380181,0.0,-0.0028647899999999387,-0.4564817325987417,-0.025305082255622127,0.0
2.16,-0.08,-0.032,1.014,-0.4583664000000001,-0.0572958,0.0,2,1.017150922921471,1.0176541652251025,-91.80755093389345,-4.508797556707901,0.0,-0.004583664000000107,-0.4567539847457263,-0.026992688341829857,359.999427042
2.17,-0.08,-0.031,1.015,-0.5156622000000001,-0.3437748,0.0,2,1.018147828166421,1.018619654238028,-91.74937655180511,-4.504515104589835,0.0,-0.005156621999999891,-0.45646455995921714,-0.027541490072585533,359.996562252
2.18,-0.08,-0.031,1.015,-0.4583664000000001,-0.6875496,0.0,2,1.018147828166421,1.018619654238028,-91.74937655180511,-4.504515104589835,0.0,-0.004583664000000107,-0.45646455995921714,-0.026971382609899182,359.993124504
2.19,-0.081,-0.031,1.015,-0.4583664000000001,-0.572958,0.0,2,1.0182268902361593,1.018698679688945,-91.74937655180511,-4.560585473162762,0.0,-0.004583663999999903,-0.45646455995921714,-0.027250339667475722,359.99427042
2.2,-0.081,-0.032,1.015,-0.572958,-0.3437748,0.0,2,1.0182268902361593,1.0187296010227638,-91.80577127515203,-4.560446753380308,0.0,-0.005729580000000132,-0.4567451307221371,-0.02838986444467767,359.996562252
2.21,-0.079,-0.032,1.014,-0.4010706,-0.286479,0.0572958,2,1.017072760425723,1.017576041384623,-91.80755093389345,-4.45266565929819,0.0005729579999999878,-0.004010705999999914,-0.4561838772830398,-0.026143317707950513,359.99713521
2.22,-0.081,-0.031,1.013,-0.4583664000000001,-0.286479,0.0,2,1.0162332409442234,1.0167059555249984,-91.75282825234954,-4.569543114648458,0.0,-0.004583664000000107,-0.4564817325987417,-0.027294905048001777,359.99713521
2.23,-0.081,-0.032,1.011,-0.4583664000000001,-0.286479,0.0,2,1.0142396166587064,1.0147443027679435,-91.81291101257104,-4.578395557641676,0.0,-0.004583663999999903,-0.4567806518038237,-0.027338947052942954,359.99713521
2.24,-0.081,-0.032,1.012,-0.4010706,-0.286479,0.0,2,1.0152364256664552,1.0157406164961604,-91.81112079219074,-4.573895158964906,0.0,-0.004010706000000093,-0.4567717452347675,-0.026746449547088567,359.99713521
2.25,-0.081,-0.032,1.012,-0.286479,-0.2291832,0.0,2,1.0152364256664552,1.0157406164961604,-91.81112079219074,-4.573895158964906,0.0,-0.0028647899999999387,-0.4567717452347675,-0.025606234621715282,359.997708168
2.26,-0.081,-0.031,1.012,-0.2291832,-0.1718874,0.0,2,1.0152364256664552,1.0157096041684355,-91.75455921398878,-4.574035109633873,0.0,-0.002291831999999951,-0.45649034434819064,-0.025036823431013634,359.998281126
2.27,-0.081,-0.031,1.013,-0.0572958,-0.1145916,0.0572958,2,1.0162332409442234,1.0167059555249984,-91.75282825234954,-4.569543114648458,0.0005729580000000133,-0.0005729580000000133,-0.4559116251360551,-0.023304152809195712,359.998854084
2.28,-0.081,-0.031,1.013,-0.0572958,-0.1718874,0.0,2,1.0162332409442234,1.0167059555249984,-91.75282825234954,-4.569543114648458,0.0,-0.0005729579999999878,-0.4564817325987417,-0.023304152809195688,359.998281126
2.29,-0.08,-0.032,1.013,0.1145916,0.0572958,0.0,2,1.0161540237582096,1.0166577595238233,-91.80933410277578,-4.513225695849746,0.0,0.0011459160000000265,-0.456762856232703,-0.021313644257958307,0.0005729580000000133
2.3,-0.081,-0.031,1.013,0.1718874,0.0572958,0.0,2,1.0162332409442234,1.0167059555249984,-91.75282825234954,-4.569543114648458,0.0,0.0017188739999999634,-0.4564817325987417,-0.021023722958449467,0.0005729579999999878
2.31,-0.08,-0.031,1.013,0.286479,0.0,0.0,2,1.0161540237582096,1.0166267751736622,-91.75282825234954,-4.513363533380181,0.0,0.002864790000000066,-0.4564817325987417,-0.01960400762875645,0.0
2.32,-0.081,-0.032,1.014,0.2291832,-0.0572958,0.0,2,1.0172300624735784,1.0177332656447857,-91.80755093389345,-4.564920782593193,0.0,0.002291831999999951,-0.4567539847457263,-0.020430618818871045,359.999427042
2.33,-0.0819999999999999,-0.031,1.015,0.2291832,0.0,0.0,2,1.0183069281901207,1.018778680577877,-91.74937655180511,-4.616647089424211,0.0,0.002291832000000053,-0.45646455995921714,-0.020687963628975504,0.0
2.34,-0.081,-0.031,1.014,0.2291832,-0.0572958,0.0,2,1.0172300624735784,1.0177023140388353,-91.75110070164466,-4.5650599110636385,0.0,0.002291831999999951,-0.4564731378191154,-0.020431311000316046,359.999427042
2.35,-0.08,-0.032,1.014,0.1718874,0.0,0.0,2,1.017150922921471,1.0176541652251025,-91.80755093389345,-4.508797556707901,0.0,0.0017188740000000397,-0.4567539847457263,-0.02072150625227747,0.0
2.36,-0.08,-0.032,1.013,0.1145916,-0.0572958,-0.0572958,2,1.0161540237582096,1.0166577595238233,-91.80933410277578,-4.513225695849746,-0.0005729579999999878,0.0011459159999999756,-0.45733296369538956,-0.021313644257958356,359.999427042
2.37,-0.08,-0.032,1.013,0.2291832,0.0,0.0,2,1.0161540237582096,1.0166577595238233,-91.80933410277578,-4.513225695849746,0.0,0.002291832000000053,-0.456762856232703,-0.020173429332585147,0.0
2.38,-0.08,-0.031,1.013,0.1718874,0.1145916,0.0,2,1.0161540237582096,1.0166267751736622,-91.75282825234954,-4.513363533380181,0.0,0.0017188739999999634,-0.4564817325987417,-0.020744222554129686,0.0011459159999999756
2.39,-0.081,-0.032,1.012,0.1145916,0.1145916,0.0,2,1.0152364256664552,1.0157406164961604,-91.81112079219074,-4.573895158964906,0.0,0.0011459160000000265,-0.4567717452347675,-0.021615482382909345,0.0011459160000000265
2.4,-0.081,-0.033,1.012,0.0572958,0.1145916,0.0,2,1.0152364256664552,1.015772612349831,-91.86767883943418,-4.5737507788810685,0.0,0.0005729579999999878,-0.4570531285543866,-0.022184871536721135,0.0011459159999999756
2.41,-0.08,-0.033,1.012,0.1145916,0.0572958,0.0,2,1.0151571306945542,1.015693359237915,-91.86767883943418,-4.5175198991003205,0.0,0.0011459160000000265,-0.4570531285543866,-0.021335008453234796,0.0005729580000000133
2.42,-0.081,-0.033,1.014,0.0,0.0572958,0.0,2,1.0172300624735784,1.0177651988548242,-91.86399765600815,-4.564777250677849,0.0,0.0,-0.4570348142089835,-0.0227103345804862,0.0005729579999999878
2.43,-0.08,-0.033,1.013,0.0572958,0.0,0.0,2,1.0161540237582096,1.0166897265144366,-91.86583643267626,-4.513083495760257,0.0,0.0005729580000000133,-0.45704396235161093,-0.0218830442575131,0.0
2.44,-0.08,-0.032,1.013,0.0572958,0.0,0.0,2,1.0161540237582096,1.0166577595238233,-91.80933410277578,-4.513225695849746,0.0,0.0005729579999999878,-0.456762856232703,-0.02188375172064491,0.0
2.45,-0.08,-0.032,1.014,0.0,0.0,-0.0572958,2,1.017150922921471,1.0176541652251025,-91.80755093389345,-4.508797556707901,-0.0005729580000000133,0.0,-0.4573240922084129,-0.02243182864033721,0.0
2.46,-0.081,-0.032,1.014,0.0,-0.0572958,0.0,2,1.0172300624735784,1.0177332656447857,-91.80755093389345,-4.564920782593193,0.0,0.0,-0.4567539847457263,-0.022711048669617265,359.999427042
2.47,-0.0819999999999999,-0.033,1.014,-0.0572958,0.0,0.0,2,1.0173101788540209,1.017845273113748,-91.86399765600815,-4.620889950237004,0.0,-0.0005729580000000133,-0.4570348142089835,-0.023559609702671055,0.0
2.48,-0.08,-0.032,1.014,-0.0572958,0.0,0.0,2,1.017150922921471,1.0176541652251025,-91.80755093389345,-4.508797556707901,0.0,-0.0005729579999999878,-0.4567539847457263,-0.023001936103023767,0.0
2.49,-0.08,-0.032,1.014,-0.0572958,0.0,-0.0572958,2,1.017150922921471,1.0176541652251025,-91.80755093389345,-4.508797556707901,-0.0005729580000000133,-0.0005729580000000133,-0.4573240922084129,-0.02300193610302379,0.0
2.5,-0.081,-0.032,1.014,-0.1718874,0.0,0.0,2,1.0172300624735784,1.0177332656447857,-91.80755093389345,-4.564920782593193,0.0,-0.0017188739999999634,-0.4567539847457263,-0.02442137105767693,0.0
2.51,-0.0819999999999999,-0.032,1.013,-0.1145916,0.0,-0.0572958,2,1.016313435904495,1.0168170926966167,-91.80933410277578,-4.625572652958017,-0.0005729579999999878,-0.0011459159999999756,-0.45733296369538956,-0.024153014193820335,0.0
2.52,-0.081,-0.032,1.012,0.0,0.0,-0.0572958,2,1.0152364256664552,1.0157406164961604,-91.81112079219074,-4.573895158964906,-0.0005729580000000133,0.0,-0.4573418526974541,-0.022755697308282506,0.0
2.53,-0.081,-0.033,1.013,0.0,0.0,0.0,2,1.0162332409442234,1.0167689019634696,-91.86583643267626,-4.56925962071733,0.0,0.0,-0.45704396235161093,-0.022732634928941328,0.0
2.54,-0.081,-0.032,1.012,0.0572958,-0.0572958,0.0,2,1.0152364256664552,1.0157406164961604,-91.81112079219074,-4.573895158964906,0.0,0.0005729580000000133,-0.4567717452347675,-0.022185589845595925,359.999427042
2.55,-0.081,-0.033,1.013,0.1145916,0.0,0.0,2,1.0162332409442234,1.0167689019634696,-91.86583643267626,-4.56925962071733,0.0,0.0011459159999999756,-0.45704396235161093,-0.021592420003568216,0.0
2.56,-0.08,-0.032,1.013,0.1718874,0.0572958,0.0,2,1.0161540237582096,1.0166577595238233,-91.80933410277578,-4.513225695849746,0.0,0.0017188740000000397,-0.456762856232703,-0.020743536795271727,0.0005729580000000133
2.57,-0.081,-0.032,1.014,0.1718874,0.0572958,0.0,2,1.0172300624735784,1.0177332656447857,-91.80755093389345,-4.564920782593193,0.0,0.0017188739999999634,-0.4567539847457263,-0.0210007262815576,0.0005729579999999878
2.58,-0.08,-0.032,1.015,0.1718874,0.0572958,0.0,2,1.018147828166421,1.0186505779706798,-91.80577127515203,-4.504378076138821,0.0,0.0017188740000000397,-0.4567451307221371,-0.02069951878675966,0.0005729580000000133
2.59,-0.08,-0.032,1.014,0.286479,0.0,0.0,2,1.017150922921471,1.0176541652251025,-91.80755093389345,-4.508797556707901,0.0,0.0028647899999999387,-0.4567539847457263,-0.019581291326904435,0.0
2.6,-0.081,-0.032,1.015,0.2291832,-0.0572958,0.0,2,1.0182268902361593,1.0187296010227638,-91.80577127515203,-4.560446753380308,0.0,0.002291832000000053,-0.4567451307221371,-0.020408359967065547,359.999427042
2.61,-0.081,-0.033,1.015,0.2291832,0.0,0.0,2,1.0182268902361593,1.0187615030025425,-91.86216249871568,-4.560303643061974,0.0,0.002291831999999951,-0.45702568407320004,-0.020407647975432142,0.0
2.62,-0.081,-0.033,1.013,0.2291832,0.0,0.0572958,2,1.0162332409442234,1.0167689019634696,-91.86583643267626,-4.56925962071733,0.0005729580000000133,0.002291832000000053,-0.45647385488892434,-0.020452205078195007,0.0
2.63,-0.081,-0.032,1.013,0.286479,0.0,0.0,2,1.0162332409442234,1.0167369374621933,-91.80933410277578,-4.569403575885134,0.0,0.0028647899999999387,-0.456762856232703,-0.019882813810373247,0.0
2.64,-0.081,-0.032,1.012,0.286479,0.1145916,0.0,2,1.0152364256664552,1.0157406164961604,-91.81112079219074,-4.573895158964906,0.0,0.002864790000000066,-0.4567717452347675,-0.019905159994849604,0.0011459160000000265
2.65,-0.081,-0.032,1.012,0.2291832,0.0,0.0,2,1.0152364256664552,1.0157406164961604,-91.81112079219074,-4.573895158964906,0.0,0.002291831999999951,-0.4567717452347675,-0.020475267457536285,0.0
2.66,-0.08,-0.032,1.012,0.286479,0.0,0.0,2,1.0151571306945542,1.0156613608875746,-91.81112079219074,-4.517662518968936,0.0,0.002864790000000066,-0.4567717452347675,-0.019625395616760206,0.0
2.67,-0.081,-0.032,1.012,0.3437748,0.0,0.0,2,1.0152364256664552,1.0157406164961604,-91.81112079219074,-4.573895158964906,0.0,0.0034377479999999267,-0.4567717452347675,-0.019335052532163173,0.0
2.68,-0.08,-0.032,1.013,0.286479,0.0,0.0,2,1.0161540237582096,1.0166577595238233,-91.80933410277578,-4.513225695849746,0.0,0.002864790000000066,-0.456762856232703,-0.019603321869898566,0.0
2.69,-0.081,-0.032,1.014,0.2291832,0.0,0.0,2,1.0172300624735784,1.0177332656447857,-91.80755093389345,-4.564920782593193,0.0,0.002291831999999951,-0.4567539847457263,-0.020430618818871045,0.0
2.7,-0.081,-0.032,1.014,0.2291832,-0.1145916,0.0,2,1.0172300624735784,1.0177332656447857,-91.80755093389345,-4.564920782593193,0.0,0.002291832000000053,-0.4567539847457263,-0.020430618818870944,359.998854084
2.71,-0.081,-0.034,1.012,0.1718874,-0.0572958,0.0,2,1.0152364256664552,1.0158055916365099,-91.92423324583837,-4.573601970642306,0.0,0.0017188739999999634,-0.4573344937603776,-0.021043916271851693,359.999427042
2.72,-0.08,-0.033,1.013,0.286479,-0.1145916,0.0,2,1.0161540237582096,1.0166897265144366,-91.86583643267626,-4.513083495760257,0.0,0.002864790000000066,-0.45704396235161093,-0.019602614406766777,359.998854084
2.73,-0.08,-0.033,1.013,0.3437748,0.0,0.0572958,2,1.0161540237582096,1.0166897265144366,-91.86583643267626,-4.513083495760257,0.0005729579999999878,0.0034377479999999267,-0.4564738548889244,-0.019032506944080346,0.0
2.74,-0.08,-0.033,1.015,0.1718874,0.0,0.0,2,1.018147828166421,1.0186824824252156,-91.86216249871568,-4.5042367106845855,0.0,0.0017188740000000397,-0.45702568407320004,-0.020698815476042073,0.0
2.75,-0.081,-0.033,1.015,0.1145916,-0.1145916,0.0,2,1.0182268902361593,1.0187615030025425,-91.86216249871568,-4.560303643061974,0.0,0.0011459159999999756,-0.45702568407320004,-0.02154786290080525,359.998854084
2.76,-0.08,-0.033,1.016,0.1718874,-0.4010706,0.0572958,2,1.0191447394752131,1.0196788710177338,-91.86033095012672,-4.49982627825456,0.0005729579999999878,0.0017188739999999634,-0.4564464644284789,-0.02067687302614153,359.995989294
2.77,-0.081,-0.033,1.017,0.0572958,-0.3437748,0.0,2,1.020220564387917,1.0207541329820808,-91.8585029996111,-4.551382612797163,0.0,0.0005729580000000133,-0.4570074776099932,-0.02207358712834347,359.996562252
2.78,-0.081,-0.032,1.016,0.0,-0.0572958,0.0,2,1.0192237242136784,1.0197259435750372,-91.8039951162006,-4.555981462637592,0.0,0.0,-0.4567362941104385,-0.022666574440982436,359.999427042
2.79,-0.08,-0.032,1.012,-0.0572958,0.0,0.0,2,1.0151571306945542,1.0156613608875746,-91.81112079219074,-4.517662518968936,0.0,-0.0005729580000000133,-0.4567717452347675,-0.023046040392879687,0.0
2.8,-0.081,-0.032,1.012,0.0,0.1718874,0.0,2,1.0152364256664552,1.0157406164961604,-91.81112079219074,-4.573895158964906,0.0,0.0,-0.4567717452347675,-0.022755697308282506,0.0017188739999999634
2.81,-0.081,-0.031,1.013,-0.0572958,0.1718874,0.0,2,1.0162332409442234,1.0167059555249984,-91.75282825234954,-4.569543114648458,0.0,-0.0005729580000000133,-0.4564817325987417,-0.023304152809195712,0.0017188740000000397
2.82,-0.081,-0.032,1.012,0.0,0.1145916,0.0,2,1.0152364256664552,1.0157406164961604,-91.81112079219074,-4.573895158964906,0.0,0.0,-0.4567717452347675,-0.022755697308282506,0.0011459159999999756
2.83,-0.081,-0.031,1.012,0.0,0.0572958,0.0,2,1.0152364256664552,1.0157096041684355,-91.75455921398878,-4.574035109633873,0.0,0.0,-0.45649034434819064,-0.022756393580267414,0.0005729580000000133
2.84,-0.08,-0.031,1.012,0.0572958,0.1145916,0.0,2,1.0151571306945542,1.0156303461397753,-91.75455921398878,-4.517800763425396,0.0,0.0005729579999999878,-0.45649034434819064,-0.021906513250872024,0.0011459159999999756
2.85,-0.08,-0.031,1.013,0.1718874,0.0572958,0.0,2,1.0161540237582096,1.0166267751736622,-91.75282825234954,-4.513363533380181,0.0,0.0017188740000000397,-0.4564817325987417,-0.02074422255412961,0.0005729580000000133
2.86,-0.08,-0.031,1.013,0.1145916,0.1145916,0.0,2,1.0161540237582096,1.0166267751736622,-91.75282825234954,-4.513363533380181,0.0,0.0011459159999999756,-0.4564817325987417,-0.021314330016816242,0.0011459159999999756
2.87,-0.08,-0.03,1.013,0.1145916,0.1145916,0.0,2,1.0161540237582096,1.016596773553802,-91.6963189909956,-4.513497007150743,0.0,0.0011459160000000265,-0.4562005919949907,-0.021314994065425953,0.0011459160000000265
2.88,-0.08,-0.031,1.015,0.1718874,0.0,0.0,2,1.018147828166421,1.018619654238028,-91.74937655180511,-4.504515104589835,0.0,0.0017188739999999634,-0.45646455995921714,-0.02070020052034687,0.0
2.89,-0.081,-0.031,1.014,0.1718874,0.0,-0.0572958,2,1.0172300624735784,1.0177023140388353,-91.75110070164466,-4.5650599110636385,-0.0005729580000000133,0.0017188740000000397,-0.457043245281802,-0.021001418463002526,0.0
2.9,-0.081,-0.032,1.015,0.2291832,0.0,0.0,2,1.0182268902361593,1.0187296010227638,-91.80577127515203,-4.560446753380308,0.0,0.002291831999999951,-0.4567451307221371,-0.020408359967065647,0.0
2.91,-0.081,-0.031,1.015,0.1718874,0.0,0.0,2,1.0182268902361593,1.018698679688945,-91.74937655180511,-4.560585473162762,0.0,0.0017188740000000397,-0.45646455995921714,-0.02097915757792354,0.0
2.92,-0.081,-0.031,1.015,0.1145916,0.0,0.0,2,1.0182268902361593,1.018698679688945,-91.74937655180511,-4.560585473162762,0.0,0.0011459159999999756,-0.45646455995921714,-0.021549265040610173,0.0
2.93,-0.08,-0.032,1.014,0.0572958,-0.0572958,0.0,2,1.017150922921471,1.0176541652251025,-91.80755093389345,-4.508797556707901,0.0,0.0005729580000000133,-0.4567539847457263,-0.02186172117765063,359.999427042
2.94,-0.08,-0.031,1.014,0.0572958,0.0,0.0,2,1.017150922921471,1.0176232112132664,-91.75110070164466,-4.508934988905781,0.0,0.0005729579999999878,-0.4564731378191154,-0.02186240491992867,0.0
2.95,-0.08,-0.033,1.013,0.0572958,0.0,0.0,2,1.0161540237582096,1.0166897265144366,-91.86583643267626,-4.513083495760257,0.0,0.0005729580000000133,-0.45704396235161093,-0.0218830442575131,0.0
2.96,-0.081,-0.031,1.011,0.1145916,0.0,0.0,2,1.0142396166587064,1.01471325999023,-91.75629359667118,-4.578535921836966,0.0,0.0011459159999999756,-0.45649897311775484,-0.021638570755407205,0.0
2.97,-0.081,-0.032,1.011,0.1145916,0.0,0.0,2,1.0142396166587064,1.0147443027679435,-91.81291101257104,-4.578395557641676,0.0,0.0011459160000000265,-0.4567806518038237,-0.021637872426077353,0.0
2.98,-0.081,-0.031,1.012,0.1145916,0.0,0.0,2,1.0152364256664552,1.0157096041684355,-91.75455921398878,-4.574035109633873,0.0,0.0011459159999999756,-0.45649034434819064,-0.021616178654894305,0.0
2.99,-0.08,-0.031,1.011,0.0,0.0,0.0,2,1.0141602437484916,1.0146339241322457,-91.75629359667118,-4.522246704553058,0.0,0.0,-0.45649897311775484,-0.02249873982364645,0.0
3.0,-0.08,-0.032,1.012,0.0,0.0,0.0,2,1.0151571306945542,1.0156613608875746,-91.81112079219074,-4.517662518968936,0.0,0.0,-0.4567717452347675,-0.022475932930193107,0.0
3.01,-0.08,-0.032,1.013,-0.0572958,0.0572958,0.0,2,1.0161540237582096,1.0166577595238233,-91.80933410277578,-4.513225695849746,0.0,-0.0005729579999999878,-0.456762856232703,-0.023023966646018024,0.0005729579999999878
3.02,-0.08,-0.031,1.014,-0.0572958,0.0572958,0.0,2,1.017150922921471,1.0176232112132664,-91.75110070164466,-4.508934988905781,0.0,-0.0005729580000000133,-0.4564731378191154,-0.023002619845301806,0.0005729580000000133
3.03,-0.08,-0.031,1.014,-0.1145916,0.0,0.0,2,1.017150922921471,1.0176232112132664,-91.75110070164466,-4.508934988905781,0.0,-0.0011459159999999756,-0.4564731378191154,-0.023572727307988338,0.0
3.04,-0.08,-0.031,1.014,-0.1145916,0.0572958,0.0,2,1.017150922921471,1.0176232112132664,-91.75110070164466,-4.508934988905781,0.0,-0.0011459160000000265,-0.4564731378191154,-0.023572727307988386,0.0005729580000000133
3.05,-0.081,-0.03,1.015,-0.1145916,0.0,0.0,2,1.0182268902361593,1.0186687390903872,-91.69297843762891,-4.560719801205684,0.0,-0.0011459159999999756,-0.4561839723264997,-0.02383036319007739,0.0
3.06,-0.081,-0.03,1.014,-0.2291832,0.0,0.0,2,1.0172300624735784,1.0176723441265367,-91.69464706853717,-4.565194634879623,0.0,-0.002291832000000053,-0.4561922739728095,-0.024992840969549804,0.0
3.07,-0.079,-0.031,1.015,-0.2291832,0.0572958,-0.1145916,2,1.0180697422082632,1.0185416044521696,-91.74937655180511,-4.4484360890758365,-0.0011459159999999756,-0.002291831999999951,-0.4576047748845902,-0.024411952681968694,0.0005729579999999878
3.08,-0.08,-0.029,1.015,-0.1718874,0.1145916,0.0,2,1.018147828166421,1.018560749292844,-91.63657704161672,-4.504776145763268,0.0,-0.0017188740000000397,-0.45590336836624007,-0.024122144008771915,0.0011459160000000265
3.09,-0.08,-0.029,1.015,-0.0572958,0.1145916,0.0,2,1.018147828166421,1.018560749292844,-91.63657704161672,-4.504776145763268,0.0,-0.0005729579999999878,-0.45590336836624007,-0.02298192908339873,0.0011459159999999756
3.1,-0.08,-0.031,1.014,-0.1145916,0.1145916,0.0,2,1.017150922921471,1.0176232112132664,-91.75110070164466,-4.508934988905781,0.0,-0.0011459160000000265,-0.4564731378191154,-0.023572727307988386,0.0011459160000000265
3.11,-0.08,-0.031,1.013,-0.1145916,0.0572958,-0.0572958,2,1.0161540237582096,1.0166267751736622,-91.75282825234954,-4.513363533380181,-0.0005729579999999878,-0.0011459159999999756,-0.45705184006142824,-0.02359475986756246,0.0005729579999999878
3.12,-0.081,-0.031,1.012,0.0572958,0.0,0.0,2,1.0152364256664552,1.0157096041684355,-91.75455921398878,-4.574035109633873,0.0,0.0005729580000000133,-0.45649034434819064,-0.022186286117580833,0.0
3.13,-0.08,-0.03,1.012,0.0572958,0.0572958,0.0,2,1.0151571306945542,1.0156003150846302,-91.69799421475034,-4.517934631262972,0.0,0.0005729579999999878,-0.4562089264415317,-0.021907179260014193,0.0005729579999999878
3.14,-0.08,-0.03,1.013,0.0,0.0572958,0.0572958,2,1.0161540237582096,1.016596773553802,-91.6963189909956,-4.513497007150743,0.0005729580000000133,0.0,-0.4556304845323041,-0.022455208990799114,0.0005729580000000133
3.15,-0.08,-0.031,1.013,0.0572958,0.0,0.0572958,2,1.0161540237582096,1.0166267751736622,-91.75282825234954,-4.513363533380181,0.0005729579999999878,0.0005729579999999878,-0.45591162513605515,-0.021884437479502795,0.0
3.16,-0.081,-0.031,1.014,0.0,0.0572958,0.0,2,1.0172300624735784,1.0177023140388353,-91.75110070164466,-4.5650599110636385,0.0,0.0,-0.4564731378191154,-0.022711740851062267,0.0005729580000000133
3.17,-0.08,-0.03,1.014,0.0,0.0572958,0.0,2,1.017150922921471,1.0175932389712503,-91.69464706853717,-4.509068070152562,0.0,0.0,-0.4561922739728095,-0.022433174478370354,0.0005729579999999878
3.18,-0.081,-0.03,1.015,0.0,0.0,0.0,2,1.0182268902361593,1.0186687390903872,-91.69297843762891,-4.560719801205684,0.0,0.0,-0.4561839723264997,-0.022690148264704283,0.0
3.19,-0.081,-0.029,1.015,0.0,0.0,0.0,2,1.0182268902361593,1.0186397793135704,-91.63657704161672,-4.5608497363433385,0.0,0.0,-0.45590336836624007,-0.022690794708175203,0.0
3.2,-0.08,-0.03,1.015,0.0,-0.1145916,0.0,2,1.018147828166421,1.018589711316583,-91.69297843762891,-4.504647794848531,0.0,0.0,-0.4561839723264997,-0.022411183058947313,359.998854084
3.21,-0.08,-0.03,1.013,-0.0572958,0.0,0.0,2,1.0161540237582096,1.016596773553802,-91.6963189909956,-4.513497007150743,0.0,-0.0005729579999999878,-0.4562005919949907,-0.02302531645348567,0.0
3.22,-0.08,-0.03,1.013,0.0,0.0,0.0,2,1.0161540237582096,1.016596773553802,-91.6963189909956,-4.513497007150743,0.0,0.0,-0.4562005919949907,-0.022455208990799114,0.0
3.23,-0.081,-0.031,1.012,0.0,0.0,0.0,2,1.0152364256664552,1.0157096041684355,-91.75455921398878,-4.574035109633873,0.0,0.0,-0.45649034434819064,-0.022756393580267414,0.0
3.24,-0.081,-0.031,1.013,0.0,0.0,0.0,2,1.0162332409442234,1.0167059555249984,-91.75282825234954,-4.569543114648458,0.0,0.0,-0.4564817325987417,-0.022734045346509132,0.0
3.25,-0.081,-0.03,1.014,-0.0572958,0.0,0.0572958,2,1.0172300624735784,1.0176723441265367,-91.69464706853717,-4.565194634879623,0.0005729579999999878,-0.0005729579999999878,-0.45562216651012294,-0.02328251858149004,0.0
3.26,-0.081,-0.03,1.014,-0.0572958,0.0,0.0,2,1.0172300624735784,1.0176723441265367,-91.69464706853717,-4.565194634879623,0.0,-0.0005729579999999878,-0.4561922739728095,-0.02328251858149004,0.0
3.27,-0.08,-0.031,1.013,-0.1145916,0.1145916,0.0,2,1.0161540237582096,1.0166267751736622,-91.75282825234954,-4.513363533380181,0.0,-0.0011459160000000265,-0.4564817325987417,-0.02359475986756251,0.0011459160000000265
3.28,-0.081,-0.03,1.014,-0.1718874,-0.1718874,0.0,2,1.0172300624735784,1.0176723441265367,-91.69464706853717,-4.565194634879623,0.0,-0.0017188739999999634,-0.4561922739728095,-0.024422733506863147,359.998281126
3.29,-0.081,-0.03,1.014,-0.2291832,-0.1718874,0.0,2,1.0172300624735784,1.0176723441265367,-91.69464706853717,-4.565194634879623,0.0,-0.002291832000000053,-0.4561922739728095,-0.024992840969549804,359.998281126
3.3,-0.081,-0.03,1.014,-0.1718874,0.0,0.0572958,2,1.0172300624735784,1.0176723441265367,-91.69464706853717,-4.565194634879623,0.0005729579999999878,-0.0017188739999999634,-0.45562216651012294,-0.024422733506863147,0.0
3.31,-0.08,-0.031,1.013,0.0,0.0,0.0,2,1.0161540237582096,1.0166267751736622,-91.75282825234954,-4.513363533380181,0.0,0.0,-0.4564817325987417,-0.02245454494218935,0.0
3.32,-0.08,-0.031,1.01,0.1145916,0.0572958,0.0,2,1.01316336293808,1.0136375091717946,-91.75803141054551,-4.526701382374547,0.0,0.0011459159999999756,-0.45650761895792563,-0.021380687474499657,0.0005729579999999878
3.33,-0.08,-0.032,1.012,0.1145916,0.1145916,0.0,2,1.0151571306945542,1.0156613608875746,-91.81112079219074,-4.517662518968936,0.0,0.0011459160000000265,-0.4567717452347675,-0.021335718004819947,0.0011459160000000265
3.34,-0.081,-0.032,1.015,0.0,0.0,0.0,2,1.0182268902361593,1.0187296010227638,-91.80577127515203,-4.560446753380308,0.0,0.0,-0.4567451307221371,-0.022688789817811868,0.0
3.35,-0.081,-0.03,1.015,-0.2291832,-0.1718874,-0.0572958,2,1.0182268902361593,1.0186687390903872,-91.69297843762891,-4.560719801205684,-0.0005729580000000133,-0.002291832000000053,-0.4567540797891863,-0.024970578115450604,359.998281126
3.36,-0.081,-0.03,1.019,-0.3437748,-0.4583664000000001,0.0,2,1.02221426325404,1.0226543893222186,-91.68633663591156,-4.542907627895955,0.0,-0.0034377479999999267,-0.4561509285368612,-0.026022175263163277,359.995416336
3.37,-0.081,-0.031,1.017,-0.3437748,-0.1718874,0.0,2,1.020220564387917,1.0206914323143894,-91.74593841464352,-4.5516627920454376,0.0,-0.0034377480000000794,-0.45644745479920923,-0.026065733293757866,359.998281126
3.38,-0.081,-0.03,1.015,-0.3437748,0.0,0.0,2,1.0182268902361593,1.0186687390903872,-91.69297843762891,-4.560719801205684,0.0,-0.0034377479999999267,-0.4561839723264997,-0.026110793040823616,0.0
3.39,-0.081,-0.029,1.013,-0.286479,0.1145916,0.0,2,1.0162332409442234,1.0166469396993234,-91.63980642835172,-4.569808938137917,0.0,-0.002864790000000066,-0.45591943496691173,-0.02558590516486471,0.0011459160000000265
3.4,-0.081,-0.03,1.013,-0.1718874,0.2291832,-0.0572958,2,1.0162332409442234,1.0166759562417123,-91.6963189909956,-4.569678235791792,-0.0005729579999999878,-0.0017188739999999634,-0.45677069945767723,-0.024445039979062996,0.002291831999999951
3.41,-0.081,-0.028,1.014,-0.1145916,0.1718874,0.0,2,1.0172300624735784,1.0176153497269977,-91.58173003704405,-4.565450863900502,0.0,-0.0011459160000000265,-0.45563049769672437,-0.023853900815424798,0.0017188740000000397
3.42,-0.079,-0.029,1.012,-0.0572958,0.0572958,0.0,2,1.0150788146740133,1.015492983727608,-91.64142590443736,-4.461817799868834,0.0,-0.0005729579999999878,-0.4559274920618651,-0.02276820596949608,0.0005729579999999878
3.43,-0.08,-0.03,1.013,0.0,0.0572958,0.0,2,1.0161540237582096,1.016596773553802,-91.6963189909956,-4.513497007150743,0.0,0.0,-0.4562005919949907,-0.022455208990799114,0.0005729580000000133
3.44,-0.081,-0.031,1.012,0.0572958,0.1145916,0.0,2,1.0152364256664552,1.0157096041684355,-91.75455921398878,-4.574035109633873,0.0,0.0005729579999999878,-0.45649034434819064,-0.022186286117580858,0.0011459159999999756
3.45,-0.08,-0.028,1.013,0.0,0.1145916,-0.0572958,2,1.0161540237582096,1.0165397188501786,-91.58329067409427,-4.513750858798166,-0.0005729580000000133,0.0,-0.4562083695228449,-0.022456471934318628,0.0011459160000000265
3.46,-0.08,-0.031,1.014,0.0,0.0572958,-0.0572958,2,1.017150922921471,1.0176232112132664,-91.75110070164466,-4.508934988905781,-0.0005729579999999878,0.0,-0.45704324528180196,-0.022432512382615226,0.0005729579999999878
3.47,-0.08,-0.031,1.014,0.0,0.0,-0.0572958,2,1.017150922921471,1.0176232112132664,-91.75110070164466,-4.508934988905781,-0.0005729580000000133,0.0,-0.457043245281802,-0.022432512382615226,0.0
3.48,-0.08,-0.031,1.014,0.0,0.0,-0.0572958,2,1.017150922921471,1.0176232112132664,-91.75110070164466,-4.508934988905781,-0.0005729579999999878,0.0,-0.45704324528180196,-0.022432512382615226,0.0
3.49,-0.08,-0.03,1.014,0.0,-0.0572958,0.0,2,1.017150922921471,1.0175932389712503,-91.69464706853717,-4.509068070152562,0.0,0.0,-0.4561922739728095,-0.022433174478370354,359.999427042
3.5,-0.08,-0.03,1.016,0.0,-0.1145916,0.0,2,1.0191447394752131,1.0195861905694878,-91.69131308856298,-4.500236155917571,0.0,0.0,-0.45617568700776373,-0.02238923460655448,359.998854084
3.51,-0.08,-0.03,1.015,0.1145916,-0.2291832,0.0,2,1.018147828166421,1.018589711316583,-91.69297843762891,-4.504647794848531,0.0,0.0011459159999999756,-0.4561839723264997,-0.0212709681335742,359.997708168
3.52,-0.081,-0.031,1.014,0.0,-0.2291832,0.0,2,1.0172300624735784,1.0177023140388353,-91.75110070164466,-4.5650599110636385,0.0,0.0,-0.4564731378191154,-0.022711740851062267,359.997708168
3.53,-0.081,-0.03,1.015,-0.0572958,-0.0572958,0.0,2,1.0182268902361593,1.0186687390903872,-91.69297843762891,-4.560719801205684,0.0,-0.0005729579999999878,-0.4561839723264997,-0.02326025572739084,359.999427042
3.54,-0.081,-0.03,1.014,-0.0572958,-0.0572958,0.0,2,1.0172300624735784,1.0176723441265367,-91.69464706853717,-4.565194634879623,0.0,-0.0005729580000000133,-0.4561922739728095,-0.023282518581490063,359.999427042
3.55,-0.081,-0.032,1.013,-0.1145916,-0.0572958,0.0,2,1.0162332409442234,1.0167369374621933,-91.80933410277578,-4.569403575885134,0.0,-0.0011459159999999756,-0.456762856232703,-0.023873566049179132,359.999427042
3.56,-0.081,-0.031,1.012,-0.1145916,0.0,0.0,2,1.0152364256664552,1.0157096041684355,-91.75455921398878,-4.574035109633873,0.0,-0.0011459160000000265,-0.45649034434819064,-0.023896608505640574,0.0
3.57,-0.08,-0.03,1.013,-0.0572958,-0.0572958,0.0,2,1.0161540237582096,1.016596773553802,-91.6963189909956,-4.513497007150743,0.0,-0.0005729579999999878,-0.4562005919949907,-0.02302531645348567,359.999427042
