TimeStamp(s),FrameCounter,AccX,AccY,AccZ,GyrX,GyrY,GyrZ,EulerX,EulerY,EulerZ
0.01,1,-0.10099999999999999,-1.015,-0.03,0.8594370000000001,1.0886202,1.0886202,86.60260170000002,-3.85027776,-20.80983456
0.02,2,-0.113,-1.025,-0.027000000000000003,1.145916,0.8594370000000001,0.9167328000000001,86.60833127999999,-3.86173692,-20.80410498
0.03,3,-0.105,-1.021,-0.022000000000000002,0.6302538000000001,0.11459160000000004,0.0,86.61979044,-3.86173692,-20.80410498
0.04,4,-0.098,-1.0070000000000001,-0.025,-0.286479,-1.3750992,-0.9167328000000001,86.61406086000002,-3.85027776,-20.81556414
0.05,5,-0.099,-0.996,-0.03,-0.9167328000000001,-2.5783110000000002,-1.432395,86.60833127999999,-3.8674665,-20.83275288
0.060000000000000005,6,-0.10099999999999999,-0.986,-0.034,-1.6042823999999998,-3.0939732,-1.2032118,86.59687212,-3.85600734,-20.86713036
0.06999999999999999,7,-0.10300000000000001,-0.978,-0.043,-2.0626488000000003,-2.8074942000000003,-0.6302538000000001,86.57968338,-3.85027776,-20.89577826
0.08,8,-0.105,-0.972,-0.047,-2.2345362,-2.1199446,0.11459160000000004,86.55676506,-3.85600734,-20.912967
0.09,9,-0.095,-0.9640000000000001,-0.042,-2.6356068,-1.0313244000000001,0.9167328000000001,86.52811716,-3.86173692,-20.924426160000003
0.09999999999999999,10,-0.094,-0.955,-0.049,-3.7815228,0.9167328000000001,1.5469866,86.48228051999996,-3.896114400000001,-20.90723742
0.11,11,-0.098,-0.955,-0.055999999999999994,-4.4690724,2.4064236,2.3491277999999998,86.43071429999998,-3.9190327200000006,-20.884319100000006
0.12,12,-0.09699999999999999,-0.955,-0.057,-3.8388186,4.0680017999999984,4.1252976000000015,86.39060724,-3.95913978,-20.83848246
0.13,13,-0.091,-0.9520000000000001,-0.047,-3.4377480000000005,5.7868758000000025,6.2452422,86.35050018,-4.022165159999999,-20.78118666
0.14,14,-0.09,-0.951,-0.032,-3.5523396000000003,7.2765666,7.734933000000002,86.31039312,-4.0966497,-20.70097254
0.15000000000000002,15,-0.085,-0.9640000000000001,-0.019,-4.9274388,8.479778399999999,8.136003599999999,86.25309732000002,-4.17686382,-20.61502884
0.16,16,-0.08,-0.986,-0.015,-8.193299399999999,9.453807,7.1046792000000005,86.16142404,-4.24561878,-20.51762598
0.17,17,-0.076,-1.024,-0.018000000000000002,-10.7716104,11.3445684,5.9014674000000005,86.04683244,-4.297185000000002,-20.40303438
0.18000000000000002,18,-0.064,-1.053,-0.026000000000000002,-11.2872726,14.4958374,4.4117766,85.9150521,-4.33729206,-20.2540653
0.19,19,-0.051,-1.071,-0.015,-9.6256944,17.18874,3.380452200000001,85.80619008000002,-4.36593996,-20.0821779
0.2,20,-0.037000000000000005,-1.068,0.012,-7.906820400000001,18.506543399999998,2.6929026,85.72024638,-4.37166954,-19.90456092
0.21000000000000002,21,-0.013999999999999999,-1.045,0.034,-8.193299399999999,19.365980399999998,2.291832,85.61711394,-4.38885828,-19.7097552
0.22,22,0.002,-1.0170000000000001,0.039,-9.2819196,19.7097552,2.1772404,85.50825191999998,-4.40031744,-19.51494948
0.23,23,0.009000000000000001,-0.997,0.034,-9.8548776,19.8816426,2.1772404,85.38793074,-4.4117766000000005,-19.31441418
0.24000000000000002,24,0.008,-0.995,0.035,-8.9954406,19.8816426,1.8334656000000005,85.27906872,-4.42323576,-19.11960846
0.25,25,0.004,-1.016,0.047,-6.5317212,20.340009,1.0313244000000001,85.21604334,-4.40604702,-18.92480274
0.26,26,0.008,-1.0390000000000001,0.062,-3.0939732,20.3973048,-0.5156622000000001,85.16447712,-4.38885828,-18.72426744
0.27,27,0.013999999999999999,-1.055,0.075,-0.7448454000000001,19.136797199999997,-1.8907614,85.1415588,-4.3544808,-18.5351913
0.28,28,0.018000000000000002,-1.061,0.08900000000000001,0.8021411999999999,16.558486199999994,-2.8074942000000003,85.13582922,-4.3201033199999985,-18.37476306
0.29000000000000004,29,0.015,-1.054,0.106,1.432395,12.9488508,-3.0939732,85.13582922,-4.27999626,-18.2487123
0.3,30,0.006,-1.058,0.11,0.6875496,10.1986524,-3.6669312000000014,85.18739544,-4.20551172,-18.162768600000003
0.31,31,0.006999999999999999,-1.068,0.11,-0.6302538000000001,9.0527364,-5.0993262,85.17593628,-4.1539455,-18.0768249
0.32,32,0.009000000000000001,-1.07,0.10300000000000001,-2.4637194,8.651665800000002,-6.5317212,85.1415588,-4.08519054,-17.99661078
0.33,33,0.013999999999999999,-1.06,0.084,-4.3544808,8.7662574,-7.3911582,85.08999258,-4.00497642,-17.916396659999997
0.34,34,0.02,-1.04,0.067,-6.0733548,8.7089616,-7.333862400000001,85.02123762,-3.9247623,-17.83618254
0.35000000000000003,35,0.019,-1.0170000000000001,0.059000000000000004,-6.875496000000001,8.250595200000001,-6.6463128000000005,84.97540097999997,-3.83308902,-17.76742758
0.36000000000000004,36,0.021,-1.003,0.06,-6.9327918,7.734933000000002,-5.844171599999999,84.90091644,-3.77006364,-17.69867262
0.37,37,0.032,-1.0,0.054000000000000006,-7.906820400000001,7.734933000000002,-5.72958,84.80924316,-3.70703826,-17.62991766
0.38,38,0.036000000000000004,-0.983,0.045,-9.9694692,7.333862400000001,-5.72958,84.70611072,-3.64974246,-17.561162699999993
0.39,39,0.04,-0.9690000000000001,0.042,-10.886202,6.589017,-5.5003968,84.59151912,-3.59244666,-17.5038669
0.4,40,0.049,-0.9570000000000001,0.049,-11.401864199999999,6.0733548,-5.2139178,84.49411626,-3.50650296,-17.45803026
0.41000000000000003,41,0.054000000000000006,-0.956,0.049,-12.318597,4.7555514,-4.6409598,84.3680655,-3.46066632,-17.4179232
0.42000000000000004,42,0.055999999999999994,-0.9520000000000001,0.042,-14.1520626,2.5783110000000002,-3.380452200000001,84.21909642,-3.42628884,-17.39500488
0.43,43,0.057,-0.951,0.034,-15.3552744,0.6875496,-2.5783110000000002,84.06439776,-3.39764094,-17.39500488
0.44,44,0.055,-0.9540000000000001,0.028999999999999998,-16.501190400000002,-1.0886202,-1.7188740000000002,83.89823994000002,-3.38618178,-17.40646404
0.45,45,0.052000000000000005,-0.958,0.032,-16.329303,-2.9220858,-0.6875496,83.76073002,-3.3518043,-17.45230068
0.46,46,0.054000000000000006,-0.9690000000000001,0.032,-15.4125702,-5.0993262,0.40107059999999994,83.60603136,-3.35753388,-17.5038669
0.47000000000000003,47,0.053,-0.9840000000000001,0.035,-14.896907999999998,-7.448453999999999,1.5469866,83.46279186000002,-3.380452200000001,-17.57835144
0.48000000000000004,48,0.05,-0.981,0.045,-14.037471,-9.8548776,2.86479,83.32528194,-3.42055926,-17.67002472
0.49,49,0.043,-0.975,0.049,-12.7196676,-11.745639,4.010706000000001,83.20496076,-3.47212548,-17.78461632
0.5,50,0.034,-0.975,0.057999999999999996,-10.599723,-13.0634424,4.9274388,83.1362058,-3.5122325400000003,-17.916396659999997
0.51,51,0.03,-0.971,0.065,-9.1100322,-14.438541599999999,5.443101,83.0502621,-3.5809875,-18.05390658
0.52,52,0.03,-0.965,0.08,-7.906820400000001,-16.2147114,5.7868758000000025,82.98723672,-3.65547204,-18.20860524
0.53,53,0.03,-0.966,0.09,-6.875496000000001,-18.3919518,5.6722842,82.92994092,-3.7299565800000014,-18.38049264
0.54,54,0.027999999999999997,-0.961,0.105,-6.4744254,-20.5691922,5.3285094000000015,82.8783747,-3.80444112,-18.58102794
0.55,55,0.026000000000000002,-0.956,0.134,-4.6982555999999995,-23.204798999999998,5.72958,82.88410428,-3.86173692,-18.81021114
0.56,56,0.035,-0.961,0.155,-2.9793816000000004,-25.55392680000001,6.130650599999999,82.87264512,-3.94768062,-19.056583080000006
0.5700000000000001,57,0.048,-0.98,0.182,-2.8074942000000003,-28.3041252,6.2452422,82.86691554,-4.0393539,-19.32587334
0.5800000000000001,58,0.062,-1.0,0.179,-4.4690724,-30.3094782,6.130650599999999,82.84972680000001,-4.1252976000000015,-19.61808192
0.59,59,0.07400000000000001,-1.026,0.162,-5.443101,-31.455394199999997,5.844171599999999,82.82107890000002,-4.21697088,-19.92174966
0.6,60,0.085,-1.055,0.13699999999999998,-7.161975,-31.79916900000001,5.3858052,82.79816058,-4.27999626,-20.23687656
0.61,61,0.08900000000000001,-1.079,0.11199999999999999,-9.740286,-31.627281600000003,4.9847346,82.72367604,-4.36021038,-20.54627388
0.62,62,0.076,-1.097,0.086,-11.2872726,-32.257535399999995,4.2398892,82.63773234,-4.43469492,-20.86140078
0.63,63,0.07200000000000001,-1.105,0.051,-11.745639,-33.0596766,3.9534102,82.55178864,-4.50917946,-21.18225726
0.64,64,0.08199999999999999,-1.103,0.022000000000000002,-10.4851314,-32.4867186,4.583664,82.47157452,-4.58939358,-21.49738416
0.65,65,0.087,-1.07,0.011000000000000001,-8.651665800000002,-33.1742682,6.5317212,82.43146746,-4.6696076999999985,-21.82397022
0.66,66,0.067,-1.022,0.066,-2.3491277999999998,-38.67466500000001,9.9121734,82.44292662,-4.80711762,-22.19639292
0.67,67,0.047,-1.016,0.14300000000000002,1.8334656000000005,-44.8626114,11.3445684,82.50022242,-4.96181628,-22.62611142
0.68,68,0.031,-1.062,0.2,0.6875496,-50.305712400000004,9.167328,82.55751822,-5.10505578,-23.10739614
0.6900000000000001,69,0.013000000000000001,-1.153,0.16,-0.6302538000000001,-51.7381074,3.2085647999999996,82.60335486,-5.19099948,-23.61732876
0.7000000000000001,70,-0.046,-1.253,0.09,-0.7448454000000001,-51.4516284,-3.380452200000001,82.66065066,-5.2024586400000015,-24.12726138
0.7100000000000001,71,-0.086,-1.3119999999999998,0.081,5.6722842,-46.3523022,-8.193299399999999,82.76378309999998,-5.16808116,-24.59708694
0.72,72,-0.091,-1.311,0.07200000000000001,11.5164558,-38.27359439999999,-8.9954406,82.92421134,-5.11651494,-24.98669838
0.73,73,-0.14800000000000002,-1.2830000000000001,0.019,9.6256944,-28.81978740000001,-6.1879464,83.0502621,-5.08213746,-25.27317738
0.74,74,-0.242,-1.256,-0.11599999999999999,5.6149884000000005,-21.199446,-2.86479,83.13047622,-5.0706783,-25.49090142
0.75,75,-0.31,-1.236,-0.188,8.021412000000002,-22.91832,-1.5469866,83.23360865999999,-5.08786704,-25.714355040000004
0.76,76,-0.326,-1.219,-0.14800000000000002,11.688343199999998,-25.6112226,-2.9793816000000004,83.37684816,-5.07640788,-25.96645656
0.77,77,-0.287,-1.229,-0.133,13.178034,-22.4599536,-6.3025379999999975,83.53154682,-5.03630082,-26.19563976
0.78,78,-0.228,-1.26,-0.17600000000000002,11.45916,-14.4958374,-11.5737516,83.66332716000002,-4.9274388,-26.350338420000003
0.79,79,-0.135,-1.2429999999999999,-0.222,11.8602306,-7.8495246,-16.042824000000003,83.7951075,-4.77846972,-26.4420117
0.8,80,-0.015,-1.197,-0.23,14.037471,-4.0680017999999984,-17.0741484,83.92688783999998,-4.59512316,-26.50503708
0.81,81,0.096,-1.105,-0.23399999999999999,14.32395,-5.1566220000000005,-13.178034,84.0815865,-4.4690724,-26.56806246
0.8200000000000001,82,0.11699999999999999,-1.018,-0.259,10.2559482,-11.172680999999999,-8.307891,84.1961781,-4.39458786,-26.68265406
0.8300000000000001,83,0.061,-0.9420000000000001,-0.28600000000000003,5.443101,-18.1054728,-4.9274388,84.26493306,-4.3544808,-26.86600062
0.8400000000000001,84,0.001,-0.882,-0.302,0.3437748,-25.4393352,-2.5783110000000002,84.29358096,-4.34875122,-27.12383172
0.85,85,-0.042,-0.8590000000000001,-0.295,-3.380452200000001,-28.81978740000001,-1.6615782,84.24774432000002,-4.34875122,-27.41031072
0.86,86,-0.079,-0.857,-0.281,-5.844171599999999,-28.074942,-1.3178034,84.21336684,-4.36021038,-27.69106014
0.87,87,-0.11,-0.867,-0.273,-7.2192707999999985,-24.809081399999997,-2.5783110000000002,84.1675302,-4.3544808,-27.93743208
0.88,88,-0.136,-0.893,-0.27,-7.734933000000002,-19.5378678,-3.6669312000000014,84.10450482,-4.3315624800000005,-28.13796738
0.89,89,-0.166,-0.907,-0.249,-6.875496000000001,-12.776963400000001,-3.6096353999999997,84.04720902,-4.30291458,-28.26974772
0.9,90,-0.188,-0.91,-0.231,-5.1566220000000005,-3.2658606,-2.1772404,83.89251035999997,-4.38885828,-28.2754773
0.91,91,-0.19399999999999998,-0.904,-0.214,-2.6929026,3.6096353999999997,-0.2291832000000001,83.85813288,-4.3831287,-28.23537024
0.92,92,-0.17,-0.91,-0.19899999999999998,0.1718874,9.6256944,2.0053530000000004,83.85240329999998,-4.39458786,-28.13796738
0.93,93,-0.135,-0.93,-0.18600000000000005,2.86479,13.636400400000001,4.7555514,83.86959204,-4.42896534,-28.00045746
0.9400000000000001,94,-0.09300000000000001,-0.938,-0.18,4.8701430000000006,14.896907999999998,6.990087599999999,83.90396952,-4.48626114,-27.84575880000001
0.9500000000000001,95,-0.049,-0.935,-0.16899999999999998,6.130650599999999,14.037471,9.1100322,83.938347,-4.5550161000000005,-27.69678972
0.9600000000000001,96,-0.036000000000000004,-0.9159999999999999,-0.149,6.8182002000000015,11.688343199999998,10.7716104,83.9956428,-4.65241896,-27.57073896
0.97,97,-0.055,-0.907,-0.122,6.0733548,8.479778399999999,12.0894138,84.04720902,-4.76701056,-27.473336100000004
0.98,98,-0.076,-0.907,-0.11199999999999999,4.010706000000001,4.010706000000001,12.5477802,84.0815865,-4.88733174,-27.42176988
0.99,99,-0.09300000000000001,-0.9059999999999999,-0.11199999999999999,2.3491277999999998,1.2605076000000002,11.8602306,84.10450482,-5.0019233399999985,-27.39312198
1.0,100,-0.09300000000000001,-0.905,-0.114,0.8594370000000001,-0.7448454000000001,10.3705398,84.09877524000002,-5.11078536,-27.3873924
1.01,101,-0.08900000000000001,-0.9059999999999999,-0.109,-0.286479,-2.1199446,8.193299399999999,84.09304566,-5.19099948,-27.404581140000005
1.02,102,-0.08199999999999999,-0.909,-0.10400000000000001,-1.6615782,-2.8074942000000003,5.7868758000000025,84.0815865,-5.25402486,-27.42749946
1.03,103,-0.075,-0.907,-0.105,-2.9220858,-3.5523396000000003,3.5523396000000003,84.05293859999998,-5.28840234,-27.45614736
1.04,104,-0.071,-0.9059999999999999,-0.107,-3.380452200000001,-4.6409598,1.7761698000000001,84.0242907,-5.311320660000002,-27.501984000000004
1.05,105,-0.081,-0.903,-0.095,-3.3231564,-5.844171599999999,0.286479,83.98991322,-5.32277982,-27.559279799999995
1.06,106,-0.095,-0.902,-0.078,-2.4637194,-6.1879464,-0.1718874,83.97272448,-5.32277982,-27.62230518
1.07,107,-0.105,-0.9,-0.065,-2.0053530000000004,-5.7868758000000025,-0.3437748,83.95553574,-5.32277982,-27.679600980000004
1.08,108,-0.11699999999999999,-0.899,-0.055,-1.0313244000000001,-5.3858052,-0.572958,83.94980616,-5.32277982,-27.73689678
1.09,109,-0.125,-0.89,-0.049,-0.1718874,-4.8701430000000006,-1.2605076000000002,83.95553574,-5.31705024,-27.78273342
1.1,110,-0.11599999999999999,-0.883,-0.04,0.6875496,-4.4117766,-1.8334656000000005,83.97845406,-5.31705024,-27.82284048
1.11,111,-0.11900000000000001,-0.884,-0.025,1.8907614,-4.1825934,-2.8074942000000003,84.00710196,-5.29413192,-27.86867712
1.12,112,-0.121,-0.8859999999999999,-0.013999999999999999,2.2345362,-3.6096353999999997,-3.8388186,84.03002028,-5.25975444,-27.908784180000005
1.1300000000000001,113,-0.13,-0.88,-0.006999999999999999,2.0626488000000003,-2.9220858,-5.5003968,84.05866818,-5.20818822,-27.94316166
1.1400000000000001,114,-0.14,-0.889,-0.001,2.2345362,-2.0626488000000003,-7.2192707999999985,84.0815865,-5.13370368,-27.97180956
1.1500000000000001,115,-0.14400000000000002,-0.8959999999999999,0.009000000000000001,2.9220858,-0.8021411999999999,-8.307891,84.14461188,-5.08213746,-27.98326872
1.1600000000000001,116,-0.15,-0.898,0.018000000000000002,3.6669312000000014,0.6875496,-9.6256944,84.17898936,-4.9847345999999995,-27.98326872
1.17,117,-0.15,-0.9,0.025,4.2398892,2.2345362,-11.2299768,84.22482600000002,-4.8701430000000006,-27.97180956
1.18,118,-0.152,-0.895,0.043,5.72958,4.1825934,-13.0634424,84.27639222,-4.73836266,-27.94316166
1.19,119,-0.153,-0.892,0.061,7.161975,6.0733548,-14.5531332,84.34514718,-4.58939358,-27.89732502
1.2,120,-0.159,-0.884,0.073,9.0527364,8.078707799999998,-15.9855282,84.4540092,-4.4404245000000016,-27.82857006
1.21,121,-0.17300000000000001,-0.877,0.075,11.0580894,9.7975818,-17.18874,84.55714164,-4.26280752,-27.74262636
1.22,122,-0.175,-0.868,0.07400000000000001,14.896907999999998,12.261301199999998,-19.194093,84.70038114,-4.06227222,-27.63949392
1.23,123,-0.18600000000000005,-0.86,0.08900000000000001,18.9649098,15.4125702,-21.2567418,84.8837277,-3.84454818,-27.501984000000004
1.24,124,-0.19,-0.873,0.083,22.4599536,18.793022399999998,-22.1734746,85.09572216000002,-3.6096354,-27.3300966
1.25,125,-0.204,-0.887,0.07200000000000001,25.668518399999996,21.485925,-21.657812399999997,85.35355326,-3.39764094,-27.129561300000002
1.26,126,-0.213,-0.925,0.055999999999999994,27.3300966,25.0955604,-19.7097552,85.61138436,-3.18564648,-26.89464852
1.27,127,-0.22,-0.98,0.027000000000000003,23.491278,25.382039399999996,-15.527161800000002,85.83483798,-3.01948866,-26.64827658
1.28,128,-0.158,-1.0490000000000002,-0.062,15.6417534,19.136797199999997,-10.599723,85.98380705999998,-2.89916748,-26.46493002
1.29,129,-0.083,-1.105,-0.08,12.3758928,10.1986524,-5.844171599999999,86.10412824,-2.8361421,-26.36752716
1.3,130,0.016,-1.136,0.015,9.9121734,7.161975,-4.1825934,86.21299026,-2.77311672,-26.30450178
1.31,131,0.096,-1.156,0.102,5.5003968,8.7662574,-7.6776372,86.26455648,-2.6929026,-26.22428766
1.32,132,0.065,-1.183,0.218,4.583664,6.990087599999999,-10.657018800000001,86.31039312,-2.58404058,-26.1555327
1.33,133,-0.055999999999999994,-1.227,0.20800000000000002,1.3178034,3.6096353999999997,-11.745639,86.32185228,-2.4637194,-26.1268848
1.34,134,-0.217,-1.2429999999999999,0.159,5.5003968,7.906820400000001,-11.45916,86.37341849999999,-2.3491278,-26.05812984
1.35,135,-0.379,-1.26,0.154,17.4179232,29.335449600000004,-10.943497800000001,86.53957632,-2.24026578,-25.76592126
1.36,136,-0.41600000000000004,-1.29,0.166,27.6165756,54.0299394,-9.740286,86.79167784,-2.12567418,-25.238799899999997
1.37,137,-0.308,-1.382,0.135,25.55392680000001,60.275181599999996,-5.5576926,87.02086104,-2.05118964,-24.637194
1.3800000000000001,138,-0.126,-1.466,-0.057,15.870936600000002,61.764872399999994,3.1512689999999997,87.15264138,-2.06837838,-24.02412894
1.3900000000000001,139,0.018000000000000002,-1.528,-0.22899999999999998,10.313244000000001,61.9367598,12.776963400000001,87.22712592,-2.18296998,-23.4053343
1.4000000000000001,140,0.133,-1.619,-0.32,4.583664,49.560867,25.496631,87.24431466,-2.42361234,-22.90686084
1.4100000000000001,141,0.177,-1.6030000000000002,-0.4,-1.0313244000000001,33.74722620000001,37.6433406,87.21566676,-2.79030546,-22.55162688
1.42,142,0.147,-1.426,-0.42,-1.0313244000000001,20.5691922,41.7113424,87.19274844,-3.19710564,-22.32817326
1.43,143,0.055,-1.109,-0.33799999999999997,4.2398892,14.266654199999998,33.6899304,87.22139634,-3.52942128,-22.173474600000002
1.44,144,-0.09699999999999999,-0.8340000000000001,-0.222,9.3392154,17.589810600000003,17.6471064,87.30734004,-3.70130868,-21.99012804
1.45,145,-0.23800000000000002,-0.652,-0.179,8.4224826,28.934378999999996,2.9220858,87.35317668,-3.74714532,-21.69218988
1.46,146,-0.35700000000000004,-0.634,-0.252,2.4637194,45.9512316,-6.5317212,87.34171752,-3.67266078,-21.23955306
1.47,147,-0.391,-0.721,-0.239,1.3750992,53.4569814,-6.990087599999999,87.31306962,-3.59244666,-20.712431700000003
1.48,148,-0.273,-0.851,-0.203,0.4583664000000001,53.9153478,-2.86479,87.27869214,-3.5580691799999995,-20.17958076
1.49,149,-0.021,-0.987,-0.205,-0.6302538000000001,51.10785360000001,2.6356068,87.2328555,-3.56952834,-19.67537772
1.5,150,0.195,-1.111,-0.201,-0.7448454000000001,43.315624799999995,8.193299399999999,87.18128928,-3.61536498,-19.24565922
1.51,151,0.306,-1.158,-0.177,0.057295800000000015,31.22621100000001,10.5424272,87.15837096,-3.71276784,-18.93053232
1.52,152,0.35,-1.115,-0.121,3.4377480000000005,17.5325148,9.2819196,87.18128928,-3.80444112,-18.75291534
1.53,153,0.302,-1.005,-0.068,8.136003599999999,5.5003968,4.6982555999999995,87.25577381999999,-3.84454818,-18.69561954
1.54,154,0.196,-0.9359999999999999,-0.067,9.9121734,-4.6409598,-1.2032118,87.36463583999998,-3.83308902,-18.74145618
1.55,155,0.068,-0.9,-0.081,9.9121734,-9.740286,-4.297185,87.45630911999999,-3.77006364,-18.844588620000003
1.56,156,-0.01,-0.892,-0.07200000000000001,9.453807,-12.4331886,-5.443101,87.56517113999998,-3.71849742,-18.97063938
1.57,157,-0.047,-0.9009999999999999,-0.055,8.4224826,-12.3758928,-4.9274388,87.65684442,-3.666931200000001,-19.09096056
1.58,158,-0.051,-0.903,-0.045,6.589017,-9.568398599999998,-3.4950437999999995,87.73132896,-3.63255372,-19.18836342
1.59,159,-0.034,-0.912,-0.042,4.2398892,-6.0160589999999985,-1.9480572,87.78289518,-3.61536498,-19.2513888
1.6,160,-0.003,-0.9259999999999999,-0.051,1.145916,-3.0366774,-0.6875496,87.74851770000002,-3.50650296,-19.30295502
1.61,161,0.027000000000000003,-0.9359999999999999,-0.054000000000000006,-1.5469866,-0.8021411999999999,0.9167328000000001,87.73132896,-3.51796212,-19.308684600000007
1.62,162,0.048,-0.9359999999999999,-0.063,-4.8128472,0.5156622000000001,2.0053530000000004,87.68549232000002,-3.5351508600000003,-19.30295502
1.6300000000000001,163,0.061,-0.92,-0.083,-7.5057497999999985,1.432395,3.4377480000000005,87.6052782,-3.56952834,-19.29149586
1.6400000000000001,164,0.038,-0.8909999999999999,-0.087,-9.7975818,2.2345362,4.8701430000000006,87.50214575999998,-3.62109456,-19.268577540000006
1.6500000000000001,165,-0.004,-0.863,-0.091,-11.2872726,2.1772404,5.844171599999999,87.37036542000001,-3.67266078,-19.24565922
1.6600000000000001,166,-0.037000000000000005,-0.828,-0.086,-12.5477802,2.291832,7.333862400000001,87.24431466,-3.74714532,-19.21701132
1.6700000000000002,167,-0.053,-0.8240000000000001,-0.076,-12.776963400000001,2.9793816000000004,7.906820400000001,87.10680474,-3.82162986,-19.18836342
1.68,168,-0.040999999999999995,-0.833,-0.075,-13.8655836,4.1252976000000015,7.8495246,86.96356524000002,-3.90184398,-19.14252678
1.69,169,-0.012,-0.851,-0.07400000000000001,-14.7250206,5.6149884000000005,7.6203414,86.80886658,-3.97632852,-19.08523098
1.7,170,0.018000000000000002,-0.871,-0.07,-14.7823164,6.3025379999999975,7.9641161999999985,86.64843834,-4.03362432,-19.02793518
1.71,171,0.037000000000000005,-0.889,-0.061,-14.209358400000001,6.0733548,8.479778399999999,86.49946926,-4.11956802,-18.95918022
1.72,172,0.042,-0.895,-0.052000000000000005,-13.3499214,5.844171599999999,9.453807,86.35622975999998,-4.211241299999998,-18.90188442
1.73,173,0.036000000000000004,-0.892,-0.040999999999999995,-12.261301199999998,5.6722842,10.2559482,86.23017899999998,-4.31437374,-18.83885904
1.74,174,0.023,-0.8859999999999999,-0.023,-11.2872726,5.7868758000000025,10.886202,86.10985782,-4.42323576,-18.77583366
1.75,175,0.003,-0.882,-0.006999999999999999,-10.657018800000001,6.5317212,11.688343199999998,86.0009958,-4.5206386200000015,-18.707078699999997
1.76,176,0.001,-0.889,0.009000000000000001,-10.3705398,7.6776372,12.605075999999999,85.8864042,-4.6409598,-18.621135
1.77,177,0.004,-0.905,0.027000000000000003,-10.2559482,8.3651868,13.636400400000001,85.77181259999998,-4.77274014,-18.52946172
1.78,178,0.015,-0.919,0.04,-10.084060800000001,8.136003599999999,14.381245800000002,85.66295058,-4.91597964,-18.44351802
1.79,179,0.04,-0.9279999999999999,0.06,-10.026765,6.3025379999999975,15.126091199999998,85.55408856,-5.06494872,-18.36903348
1.8,180,0.067,-0.932,0.073,-10.2559482,3.8388186,15.4125702,85.47387444,-5.17381074,-18.334656000000006
1.81,181,0.09300000000000001,-0.934,0.07200000000000001,-9.8548776,0.9740286,15.6990492,85.370742,-5.3285094000000015,-18.31173768
1.82,182,0.11900000000000001,-0.934,0.064,-8.880849000000003,-2.8074942000000003,16.272007199999994,85.27906872,-5.4946672199999975,-18.32892642
1.83,183,0.133,-0.9259999999999999,0.046,-6.703608600000001,-7.7922288,17.18874,85.22177292,-5.66655462,-18.3919518
1.84,184,0.124,-0.907,0.049,-1.8907614,-13.120738199999998,18.277360199999997,85.21604334,-5.85563076,-18.506543399999998
1.85,185,0.105,-0.888,0.077,4.8701430000000006,-19.0222056,19.2513888,85.30771662,-6.0275181600000005,-18.68988996
1.86,186,0.08199999999999999,-0.889,0.109,9.740286,-25.84040580000001,18.621135,85.43376737999998,-6.22805346,-18.93053232
1.87,187,0.055999999999999994,-0.9109999999999999,0.11,12.0894138,-28.934378999999996,16.558486199999994,85.58846604,-6.40567044,-19.20555216
1.8800000000000001,188,0.03,-0.9620000000000001,0.105,11.5164558,-29.5646328,13.120738199999998,85.7431647,-6.54890994,-19.48630158
1.8900000000000001,189,-0.004,-1.016,0.064,8.880849000000003,-26.9863218,8.651665800000002,85.86921545999998,-6.6463128,-19.74986226
1.9000000000000001,190,-0.084,-1.074,0.018000000000000002,6.9327918,-22.2880662,5.2139178,85.97807748,-6.7036086,-19.9675863
1.9100000000000001,191,-0.18100000000000002,-1.0979999999999999,0.004,6.2452422,-18.621135,5.1566220000000005,86.06402118000004,-6.7609043999999985,-20.15093286
1.9200000000000002,192,-0.275,-1.123,0.081,6.417129599999999,-19.136797199999997,8.078707799999998,86.15569446,-6.8468481,-20.33427942
1.93,193,-0.273,-1.19,0.14,7.0473834,-19.8243468,10.1986524,86.25309732000002,-6.955710119999999,-20.52335556
1.94,194,-0.193,-1.3119999999999998,0.154,6.0160589999999985,-18.7357266,8.479778399999999,86.33904102,-7.0473833999999975,-20.70670212
1.95,195,-0.08,-1.399,0.145,1.432395,-19.8243468,6.130650599999999,86.38487766,-7.11040878,-20.90150784
1.96,196,0.016,-1.452,-0.013999999999999999,-4.1825934,-27.043617600000005,3.2658606,86.37914808000002,-7.15051584,-21.170798100000006
1.97,197,-0.043,-1.52,-0.28,-1.7761698000000001,-46.982556,-4.010706000000001,86.42498472,-7.12759752,-21.64062366
1.98,198,-0.225,-1.635,-0.20199999999999999,12.261301199999998,-60.10329419999999,-11.2872726,86.63697918,-7.03592424,-22.24222956
1.99,199,-0.389,-1.749,-0.10300000000000001,11.2299768,-50.47759979999999,-15.527161800000002,86.81459616,-6.89268474,-22.75216218
2.0,200,-0.435,-1.6780000000000002,-0.205,8.3651868,-39.7059894,-18.506543399999998,86.95210608,-6.72079734,-23.15896236
2.01,201,-0.32299999999999995,-1.541,-0.222,14.9542038,-28.1895336,-19.365980399999998,87.14118221999998,-6.53745078,-23.44544136
2.02,202,-0.10099999999999999,-1.287,-0.248,15.011499599999999,-14.896907999999998,-19.652459399999998,87.31306962,-6.34264506,-23.60014002
2.03,203,0.12300000000000001,-1.081,-0.247,15.9855282,-11.9748222,-18.621135,87.49068659999998,-6.1592985,-23.72619078
2.04,204,0.24,-0.993,-0.19699999999999998,12.261301199999998,-17.5325148,-12.261301199999998,87.63965568,-6.03897732,-23.90380776
2.05,205,0.242,-0.932,-0.19899999999999998,2.5210152000000003,-29.67922440000001,-8.307891,87.66830358,-5.9014674000000005,-24.21320508
2.0599999999999996,206,0.205,-0.861,-0.22399999999999998,-5.6149884000000005,-45.034498799999994,-4.2398892,87.66257399999998,-5.861360339999999,-24.660112320000003
2.07,207,0.151,-0.782,-0.249,-13.178034,-57.754166399999995,-2.3491277999999998,87.59381904,-5.849901179999999,-25.238799899999997
2.0799999999999996,208,0.102,-0.737,-0.215,-17.0741484,-66.11935319999999,-3.2085647999999996,87.49641618000004,-5.8269828599999975,-25.8977016
2.09,209,0.021,-0.741,-0.174,-20.8556712,-70.18735500000001,-7.161975,87.36463583999998,-5.76968706,-26.60243994
2.0999999999999996,210,-0.066,-0.809,-0.14800000000000002,-23.892348600000002,-70.7030172,-10.4278356,87.19274844,-5.6837433599999985,-27.31290786000001
2.11,211,-0.14800000000000002,-0.905,-0.13,-25.7258142,-67.609044,-11.1153852,87.00940188,-5.59207008,-27.988998300000002
2.1199999999999997,212,-0.228,-0.992,-0.11699999999999999,-25.8977016,-61.020027,-9.3392154,86.81459616,-5.51758554,-28.60206336
2.13,213,-0.292,-1.0070000000000001,-0.109,-24.637194,-52.54024860000001,-5.958763200000001,86.61979044,-5.4717489000000015,-29.129184719999994
2.1399999999999997,214,-0.332,-0.96,-0.105,-21.886995600000002,-42.112413000000004,-2.4637194,86.44217346,-5.466019319999999,-29.55317364
2.15,215,-0.35700000000000004,-0.909,-0.08800000000000001,-17.303331600000003,-32.0283522,1.3178034,86.29893396,-5.53477428,-29.86257096
2.1599999999999997,216,-0.32799999999999996,-0.8759999999999999,-0.087,-13.178034,-22.631841,5.958763200000001,86.19007194,-5.6035292399999985,-30.086024580000004
2.17,217,-0.267,-0.856,-0.094,-9.9694692,-15.469866,9.5111028,86.10412824,-5.70666168,-30.234993660000004
2.1799999999999997,218,-0.214,-0.855,-0.08199999999999999,-8.078707799999998,-9.9121734,11.802934800000001,86.02964370000002,-5.8269828599999975,-30.32666694000001
2.19,219,-0.16899999999999998,-0.882,-0.078,-7.448453999999999,-7.0473834,12.032118,85.96661832,-5.9530336199999985,-30.38969232
2.1999999999999997,220,-0.158,-0.902,-0.071,-8.3651868,-6.0733548,11.3445684,85.88067462000002,-6.08481396,-30.44125854
2.21,221,-0.165,-0.914,-0.063,-9.5111028,-5.844171599999999,10.313244000000001,85.78900134,-6.19367598,-30.49282476
2.2199999999999998,222,-0.182,-0.925,-0.062,-11.5164558,-5.6149884000000005,9.2819196,85.68013932,-6.2853492599999985,-30.5386614
2.23,223,-0.203,-0.934,-0.07400000000000001,-13.8082878,-5.3285094000000015,8.250595200000001,85.54262940000002,-6.37129296,-30.59022762
2.2399999999999998,224,-0.21899999999999997,-0.934,-0.081,-15.6417534,-4.1252976000000015,7.8495246,85.38793074,-6.451507079999999,-30.624605100000004
2.25,225,-0.23399999999999999,-0.9329999999999999,-0.087,-17.3606274,-2.0053530000000004,7.6203414,85.21031375999998,-6.5718282599999975,-30.63606426
2.26,226,-0.252,-0.927,-0.083,-18.7357266,1.5469866,7.6776372,85.01550804,-6.65204238,-30.61314594
2.27,227,-0.263,-0.9209999999999999,-0.086,-19.480572,5.9014674000000005,8.078707799999998,84.80924316,-6.72652692,-30.55012056
2.28,228,-0.265,-0.9159999999999999,-0.069,-19.079501399999998,10.886202,9.3392154,84.60297828,-6.8182002000000015,-30.43552896
2.29,229,-0.268,-0.915,-0.057999999999999996,-18.7357266,16.042824000000003,10.599723,84.39098382,-6.90987348,-30.269371140000004
2.3,230,-0.254,-0.894,-0.053,-18.2200644,20.6837838,11.0007936,84.17898936,-7.030194660000001,-30.04591752
2.31,231,-0.24600000000000002,-0.8740000000000001,-0.057,-16.386598799999998,24.923673,11.5164558,83.97272448,-7.12759752,-29.78808642
2.32,232,-0.22699999999999998,-0.875,-0.048,-15.5844576,28.3041252,10.7716104,83.77791876,-7.213541219999999,-29.50160742
2.3299999999999996,233,-0.209,-0.866,-0.048,-14.1520626,30.3094782,9.8548776,83.58884262000002,-7.288025760000001,-29.192210100000004
2.34,234,-0.196,-0.845,-0.021,-10.3705398,32.0283522,8.9381448,83.43987354000002,-7.34532156,-28.85989446
2.3499999999999996,235,-0.18,-0.8170000000000001,0.006999999999999999,-7.8495246,34.0337052,7.734933000000002,83.31955236,-7.408346939999999,-28.516119660000005
2.36,236,-0.174,-0.792,0.018000000000000002,-5.0993262,34.7785506,5.958763200000001,83.21641991999998,-7.431265259999999,-28.1608857
2.3699999999999997,237,-0.172,-0.779,0.027999999999999997,-2.6929026,35.695283399999994,4.2398892,83.14193537999998,-7.4427244199999985,-27.805651739999995
2.38,238,-0.18,-0.773,0.025,0.0,34.8931422,2.4064236,83.09036916,-7.43699484,-27.45614736
2.3899999999999997,239,-0.196,-0.78,0.038,2.3491277999999998,34.4920716,0.4583664000000001,83.06745083999998,-7.408346939999999,-27.11237256
2.4,240,-0.214,-0.8,0.078,4.010706000000001,36.7266078,-0.8021411999999999,83.07891,-7.385428619999999,-26.745679440000004
2.4099999999999997,241,-0.22699999999999998,-0.8270000000000001,0.111,4.3544808,40.2216516,-1.0886202,83.06745083999998,-7.33959198,-26.34460884
2.42,242,-0.23600000000000002,-0.858,0.132,3.3231564,44.2323576,-1.5469866,83.03880294000002,-7.282296179999999,-25.90916076
2.4299999999999997,243,-0.24600000000000002,-0.895,0.13,0.6875496,47.8992888,-1.8334656000000005,82.98150714,-7.2192707999999985,-25.43360562
2.44,244,-0.253,-0.919,0.10400000000000001,-1.8907614,50.6494872,-2.1772404,82.89556344,-7.15051584,-24.93513216
2.4499999999999997,245,-0.255,-0.9420000000000001,0.092,-4.6409598,53.7434604,-3.0939732,82.79243100000002,-7.0874904600000015,-24.4080108
2.46,246,-0.262,-0.9520000000000001,0.08800000000000001,-7.2192707999999985,57.123912600000004,-3.7242269999999995,82.64346192,-6.990087599999999,-23.84651196
2.4699999999999998,247,-0.271,-0.961,0.092,-8.136003599999999,61.30650600000001,-5.042030400000002,82.48303368,-6.8812255800000015,-23.24490606
2.48,248,-0.264,-0.982,0.07,-9.740286,68.8695516,-8.8235532,82.29395754,-6.72652692,-22.5745452
2.4899999999999998,249,-0.228,-0.98,0.043,-15.6990492,75.916935,-15.183387000000002,82.04185602,-6.49161414,-21.84688854
2.5,250,-0.16699999999999998,-0.9309999999999999,0.076,-15.9855282,78.32335859999998,-20.05353,81.79548408,-6.2165943,-21.10204314
2.51,251,-0.11900000000000001,-0.956,0.011000000000000001,-7.3911582,80.50059900000002,-19.8243468,81.62932626,-5.930115299999999,-20.33427942
2.52,252,-0.069,-1.028,-0.055,-0.6875496,85.82910840000002,-15.870936600000002,81.52619381999997,-5.6722842,-19.5092199
2.53,253,-0.051,-1.057,-0.027000000000000003,9.167328,89.6106312,-9.5111028,81.52046424,-5.4717489000000015,-18.63832374
2.54,254,-0.077,-1.0590000000000002,0.015,12.5477802,89.6106312,-4.4690724,81.55484172,-5.31705024,-17.761698000000006
2.55,255,-0.11199999999999999,-1.05,-0.009000000000000001,12.4331886,90.8711388,-2.6929026,81.59494878,-5.1852699,-16.86788352
2.56,256,-0.115,-1.053,-0.095,12.5477802,94.0797036,-2.4637194,81.62932626,-5.04775998,-15.94542114
2.57,257,-0.057,-1.087,-0.166,11.5737516,94.99643640000001,-1.5469866,81.65224458,-4.9217092199999986,-15.00577002
2.5799999999999996,258,0.024,-1.149,-0.228,7.9641161999999985,91.84516740000001,-0.1718874,81.64651500000002,-4.812847199999998,-14.10049638
2.59,259,0.078,-1.192,-0.259,5.3858052,87.31879920000002,1.2032118,81.6178671,-4.72117392,-13.24105938
2.5999999999999996,260,0.12,-1.21,-0.247,6.0160589999999985,84.05293859999998,2.5210152000000003,81.59494878,-4.63523022,-12.41027028
2.61,261,0.12300000000000001,-1.194,-0.22399999999999998,7.5630456000000015,80.2714158,1.9480572,81.59494878,-4.56074568,-11.613858660000002
2.6199999999999997,262,0.06,-1.11,-0.21600000000000005,9.167328,76.7190762,-2.4637194,81.6178671,-4.44615408,-10.86328368
2.63,263,-0.021,-0.993,-0.179,13.464512999999998,74.88561059999998,-10.3705398,81.69235164,-4.25134836,-10.13562702
2.6399999999999997,264,-0.11,-0.861,-0.077,18.5638392,74.48454,-19.8243468,81.81840240000002,-3.97059894,-9.43088868
2.65,265,-0.179,-0.733,0.02,22.4026578,76.8336678,-28.934378999999996,81.99601937999998,-3.6096354,-8.7089616
2.6599999999999997,266,-0.221,-0.629,0.106,24.064236,80.7297822,-35.4088044,82.18509551999998,-3.16845774,-7.9583866200000015
2.67,267,-0.226,-0.569,0.15,22.6891368,84.11023440000002,-37.1276784,82.3627125,-2.71009134,-7.17916374
2.6799999999999997,268,-0.18100000000000002,-0.5539999999999999,0.155,21.829699800000004,85.1988546,-33.6326346,82.54032948,-2.2918320000000003,-6.382752120000001
2.69,269,-0.109,-0.57,0.146,21.886995600000002,82.04758559999998,-24.5798982,82.71794646,-1.96524594,-5.6035292399999985
2.6999999999999997,270,-0.06,-0.59,0.13,22.86102420000001,74.7137232,-13.5791046,82.92994092,-1.75898106,-4.88160216
2.71,271,-0.053,-0.626,0.132,24.637194,66.3485364,-5.5003968,83.15339454,-1.6386598799999998,-4.23415962
2.7199999999999998,272,-0.081,-0.657,0.172,27.043617600000005,60.2178858,-3.0939732,83.40549606,-1.5527161800000002,-3.6382833
2.73,273,-0.109,-0.67,0.217,28.877083199999998,56.5509546,-4.7555514,83.67478632,-1.45531332,-3.0825140400000004
2.7399999999999998,274,-0.14300000000000002,-0.6579999999999999,0.272,30.997027799999998,53.858052,-8.59437,83.9669949,-1.32353298,-2.5611222600000003
2.75,275,-0.198,-0.617,0.307,33.1742682,53.0559108,-12.4331886,84.31076970000002,-1.1745639,-2.03973048
2.76,276,-0.276,-0.5660000000000001,0.31,35.52339600000001,54.3737142,-15.068795399999999,84.6545445,-0.98548776,-1.5183387000000002
2.77,277,-0.36,-0.515,0.325,38.7892566,58.842786600000004,-15.928232399999999,85.03269678,-0.7906820400000001,-0.9453807
2.78,278,-0.42,-0.488,0.344,41.883229799999995,67.0933818,-14.7823164,85.43949696000001,-0.6016058999999999,-0.29220857999999994
2.79,279,-0.439,-0.445,0.33799999999999997,43.9458786,77.0055552,-11.917526400000002,85.86921545999998,-0.44690724,0.46409598
2.8,280,-0.449,-0.408,0.304,46.00852740000001,87.31879920000002,-7.3911582,86.33331144,-0.36096354,1.32926256
2.81,281,-0.444,-0.389,0.26,44.690723999999996,99.408213,-4.583664,86.76875952,-0.28074942,2.3147503200000004
2.82,282,-0.366,-0.373,0.17800000000000002,38.38818600000001,110.5235982,-5.5576926,87.14118221999998,-0.19480572,3.4091001000000003
2.8299999999999996,283,-0.16399999999999998,-0.371,0.083,26.929026,117.39909420000001,-8.59437,87.39328374,-0.08021412,4.56647526
2.84,284,0.054000000000000006,-0.387,0.043,12.2040054,118.48771440000002,-10.5424272,87.50214575999998,0.04010706,5.735309579999999
2.8499999999999996,285,0.214,-0.40700000000000003,0.045,-1.5469866,113.9613462,-11.9748222,87.47922744,0.18907614,6.85257768
2.86,286,0.332,-0.423,0.018000000000000002,-22.2880662,101.2416786,-19.365980399999998,87.23858508000002,0.4010706000000001,7.84379502
2.8699999999999997,287,0.449,-0.451,-0.052000000000000005,-49.274388,77.75040059999998,-36.4401288,86.73438204,0.7734933,8.58864042
2.88,288,0.585,-0.514,-0.19899999999999998,-80.8443738,46.982556,-59.24385720000001,85.9150521,1.36936962,9.00689976
2.8899999999999997,289,0.642,-0.507,-0.297,-112.872726,16.157415599999997,-80.32871159999998,84.7691361,2.1657812400000003,9.09284346
2.9,290,0.575,-0.467,-0.37,-126.7956054,-3.380452200000001,-90.9857304,83.46279186000002,3.07105488,8.95533354
2.9099999999999997,291,0.414,-0.451,-0.396,-124.8475482,-8.307891,-95.34021120000001,82.17936594,3.98778768,8.74333908
2.92,292,0.29100000000000004,-0.485,-0.354,-124.44647759999998,-5.5576926,-98.262297,80.90166959999998,4.93316838,8.53134462
2.9299999999999997,293,0.252,-0.5920000000000001,-0.319,-137.2807368,-0.5156622000000001,-101.700045,79.48646334,5.91865614,8.34226848
2.94,294,0.24,-0.765,-0.307,-157.9645206,-0.572958,-106.68477959999998,77.85926262000002,6.93852138,8.11881486
2.9499999999999997,295,0.258,-1.023,-0.33899999999999997,-183.57574319999998,-13.9228794,-114.0759378,75.93985332,7.99849368,7.7062851
2.96,296,0.364,-1.367,-0.469,-224.1411696,-38.5600734,-120.55036319999999,73.56207762,9.04127724,6.99581718
2.9699999999999998,297,0.534,-1.652,-0.7020000000000001,-271.9831626,-56.72284200000001,-121.0660254,70.65145097999998,9.9981171,6.06189564
2.98,298,0.6759999999999999,-1.847,-1.038,-299.084076,-55.290447,-113.159205,67.44861576,10.83463578,5.10505578
2.9899999999999998,299,0.784,-1.916,-1.4,-302.80830299999997,-37.9298196,-102.3875946,64.22286222,11.579481179999998,4.30864416
3.0,300,0.96,-1.893,-1.8559999999999999,-247.2886728,0.3437748,-93.965112,61.62163290000001,12.38735196,3.86173692
3.01,301,0.934,-1.786,-1.492,-121.9254624,-5.2139178,-82.04758559999998,60.28091118000001,13.05771282,3.40337052
3.02,302,0.685,-2.295,-0.9490000000000001,-132.75436860000002,-32.544014399999995,-67.26526919999999,58.79122037999999,13.464513,2.76165756
3.03,303,0.728,-2.9789999999999996,-1.162,-232.79283540000003,-44.0031744,-63.59833800000001,56.25301644,13.74526242,2.01681216
3.04,304,0.91,-3.245,-1.454,-299.7143298,-60.67625219999999,-46.5241896,53.03299248,13.750992000000002,1.21467096
3.05,305,0.813,-2.418,-0.985,-299.8289214,-92.41812540000001,-62.22323879999999,49.72702482,13.642129979999998,0.057295800000000015
3.06,306,0.331,-1.2590000000000001,-0.7070000000000001,-257.4300294,-96.0850566,-112.12788059999998,46.76483196,13.82547654,-1.45531332
3.07,307,-0.064,-1.075,-0.377,-239.66833140000003,-70.473834,-143.29679579999996,43.96306734,14.32967958,-3.0137590800000003
3.08,308,-0.396,-1.0,-0.35200000000000004,-241.21531800000002,-49.5035712,-152.92249019999997,41.13265482,14.97712212,-4.5263682
3.09,309,-0.45899999999999996,-0.9109999999999999,-0.076,-228.3810588,-49.2170922,-130.9781988,38.46267054,15.4125702,-5.895737819999999
3.0999999999999996,310,-0.264,-1.242,0.11800000000000001,-210.50476919999997,-32.8877892,-126.96749280000002,36.00468072,15.89385492,-7.144786260000001
3.11,311,0.062,-1.621,0.331,-199.9050462,-19.9389384,-119.8628136,33.6612825,16.386598799999998,-8.2792431
3.1199999999999997,312,0.193,-1.137,0.425,-192.39929640000003,-14.0947668,-90.2981808,31.46112378,16.7303736,-9.15013926
3.13,313,0.15,-0.634,0.612,-190.79501399999998,-0.286479,-70.87490460000002,29.335449600000004,17.06268924,-9.78039306
3.1399999999999997,314,-0.024,-0.016,0.639,-197.8423974,11.802934800000001,-62.96808420000001,27.17539794,17.435111940000002,-10.29605526
3.15,315,-0.19,0.503,0.521,-203.5146816,25.0382646,-60.38977320000001,24.96378006,17.88774876,-10.73723292
3.1599999999999997,316,-0.309,0.5429999999999999,0.49,-200.99366640000002,36.8411994,-62.5670136,22.78081008,18.44351802,-11.16122184
3.17,317,-0.22399999999999998,0.191,0.326,-195.3213822,37.24227,-61.191914399999995,20.6551359,18.982098540000006,-11.59666992
3.1799999999999997,318,0.039,-0.327,0.209,-183.40385580000003,29.0489706,-59.64492779999999,18.63259416,19.4232762,-12.06649548
3.19,319,0.305,-0.7140000000000001,0.201,-172.460358,20.2254174,-63.1399716,16.69026654,19.77851016,-12.62226474
3.1999999999999997,320,0.387,-0.642,0.18100000000000002,-168.5642436,10.026765,-67.3798608,14.7823164,20.05353,-13.263977700000002
3.21,321,0.341,-0.294,0.191,-162.2617056,-7.448453999999999,-75.63045600000002,12.86863668,20.139473700000003,-14.04893016
3.2199999999999998,322,0.35700000000000004,0.076,0.17600000000000002,-160.19905680000005,-15.011499599999999,-74.5418358,10.96641612,20.12801454,-14.85107136
3.23,323,0.503,0.31,0.085,-159.1677324,-25.152856200000002,-61.020027,9.12149136,19.97331588,-15.527161799999998
3.2399999999999998,324,0.579,0.386,-0.006,-156.131055,-43.20103320000001,-46.0658232,7.3567807200000015,19.60089318,-16.07720148
3.25,325,0.532,0.41200000000000003,-0.061,-146.390769,-58.0406454,-35.52339600000001,5.70666168,19.07377182,-16.5298383
3.26,326,0.217,0.521,-0.192,-132.6970728,-66.0620574,-23.9496444,4.2685371,18.43205886,-16.850694779999998
3.27,327,-0.166,0.8290000000000001,-0.322,-131.37926940000003,-71.39056679999999,-8.3651868,2.89916748,17.715861359999995,-16.99393428
3.28,328,-0.41,1.3130000000000002,-0.46399999999999997,-140.8330764,-71.33327100000002,-4.010706000000001,1.45531332,16.999663860000002,-17.0741484
3.29,329,-0.342,1.528,-0.6709999999999999,-148.7971926,-66.4058322,-19.365980399999998,-0.10313244,16.329303000000003,-17.29187244
3.3,330,-0.036000000000000004,1.379,-0.877,-132.353298,-66.86419860000001,-43.77399120000001,-1.5756344999999998,15.6417534,-17.74450926
3.31,331,-0.028999999999999998,1.087,-1.04,-111.3257394,-76.20341400000002,-64.744254,-2.86479,14.85107136,-18.3919518
3.32,332,-0.287,0.718,-1.062,-84.91237559999998,-91.67328,-68.6976642,-3.88465524,13.89996108,-19.056583080000006
3.33,333,-0.51,0.54,-0.872,-54.8320806,-81.932994,-52.19647379999999,-4.54355694,13.04625366,-19.54359738
3.34,334,-0.511,0.5589999999999999,-0.7509999999999999,-30.882436199999997,-33.3461556,-21.485925,-4.898790900000002,12.696749280000002,-19.74413268
3.3499999999999996,335,-0.361,0.507,-0.7190000000000001,-16.386598799999998,31.054323600000004,3.4950437999999995,-5.11651494,12.9488508,-19.72694394
3.36,336,-0.52,0.65,-1.462,-13.5791046,69.55710119999999,17.246035799999998,-5.231106540000001,13.64785956,-19.58943402
3.3699999999999997,337,-0.115,1.1,-2.694,2.6929026,44.404245,0.3437748,-5.2139178,14.08903722,-19.61808192
3.38,338,1.327,1.879,-3.891,0.0,-5.844171599999999,-35.52339600000001,-5.2998615,13.99736394,-19.97331588
3.3899999999999997,339,3.557,2.5069999999999997,-3.9960000000000004,-4.3544808,-51.4516284,-76.31800559999998,-5.51758554,13.41867636,-20.71816128
3.4,340,3.83,2.274,-3.9960000000000004,-3.7242269999999995,-82.39136040000002,-73.6823988,-5.7009320999999975,12.53632104,-21.40571088
3.4099999999999997,341,0.983,1.71,-3.875,15.3552744,-149.7139254,-10.084060800000001,-5.5290447,11.05235982,-21.3999813
3.42,342,0.2,1.01,-2.6910000000000003,-11.802934800000001,-75.17208959999998,35.8671708,-5.5576926,10.3418919,-20.98745154
3.4299999999999997,343,0.499,0.12300000000000001,-2.555,-147.07831860000005,47.1544434,46.466893799999994,-6.97862844,10.84036536,-20.54627388
3.44,344,1.1909999999999998,0.008,-2.595,-107.8306956,12.032118,48.071176200000004,-7.9813049399999985,11.01225276,-20.06498916
3.4499999999999997,345,0.557,0.092,-1.6780000000000002,-43.831286999999996,-29.9657034,24.2934192,-8.37091638,10.7429625,-19.78423974
3.46,346,0.302,0.38799999999999996,-1.585,-69.7862844,-49.388979600000006,-2.1199446,-9.06419556,10.25021862,-19.738403100000006
3.4699999999999998,347,0.273,0.578,-1.2819999999999998,-74.82831479999999,-45.0917946,-7.6203414,-9.81477054,9.78612264,-19.74413268
3.48,348,0.32799999999999996,0.703,-0.992,-74.7137232,-28.1895336,0.40107059999999994,-10.55961594,9.50537322,-19.69256646
3.4899999999999998,349,0.306,0.816,-0.785,-66.3485364,-11.6310474,6.9327918,-11.21851764,9.3965112,-19.595163600000006
3.5,350,0.225,0.861,-0.588,-53.9153478,-1.8334656000000005,6.0733548,-11.86596018,9.3965112,-19.54932696
3.51,351,0.18100000000000002,0.831,-0.46299999999999997,-40.966497,2.86479,0.6302538000000001,-12.28421952,9.41942952,-19.54359738
3.52,352,0.20199999999999999,0.743,-0.374,-34.7785506,1.432395,-8.9954406,-12.65091264,9.41369994,-19.629541080000006
3.53,353,0.42100000000000004,0.565,-0.256,-35.9244666,-6.3025379999999975,-22.2307704,-13.04625366,9.29910834,-19.83007638
3.54,354,0.46299999999999997,0.467,-0.239,-40.2216516,-15.6417534,-28.2468294,-13.4931609,9.081384300000002,-20.07071874
3.55,355,0.41700000000000004,0.462,-0.261,-34.5493674,-30.65325300000001,-26.069589,-13.90569066,8.749068659999999,-20.27125404
3.56,356,0.276,0.469,-0.293,-25.496631,-42.2270046,-17.0741484,-14.16925134,8.29643184,-20.340009
3.57,357,0.11800000000000001,0.45799999999999996,-0.35200000000000004,-17.5325148,-47.3836266,-6.9327918,-14.335409159999998,7.820876699999999,-20.30563152
3.58,358,0.031,0.449,-0.384,-8.9954406,-46.466893799999994,0.0,-14.40416412,7.37396946,-20.20249908
3.59,359,0.043,0.45799999999999996,-0.364,1.0886202,-41.0810886,2.8074942000000003,-14.37551622,6.98435802,-20.0821779
3.5999999999999996,360,0.168,0.489,-0.39799999999999996,10.4278356,-38.159002799999996,0.1718874,-14.30103168,6.62912406,-20.00769336
3.61,361,0.24,0.505,-0.45299999999999996,24.4653066,-39.304918799999996,-5.958763200000001,-14.04320058,6.23951262,-19.97904546
3.6199999999999997,362,0.26,0.509,-0.525,34.37748,-46.1804148,-10.4278356,-13.687966619999996,5.76968706,-19.99050462
3.63,363,0.221,0.491,-0.605,43.4302164,-56.264475600000004,-11.3445684,-13.24105938,5.2024586400000015,-19.99050462
3.6399999999999997,364,0.168,0.49,-0.6829999999999999,48.9306132,-63.311859,-11.2299768,-12.73112676,4.57220484,-19.97904546
3.65,365,0.14400000000000002,0.4970000000000001,-0.787,54.3164184,-65.4318036,-10.599723,-12.19254624,3.9247623,-19.9675863
3.6599999999999997,366,0.162,0.483,-0.935,59.24385720000001,-67.5517482,-9.0527364,-11.579481179999998,3.25440144,-19.94466798
3.67,367,0.165,0.44799999999999995,-1.081,60.275181599999996,-73.28132819999998,-6.1879464,-10.95495696,2.53247436,-19.88737218
3.6799999999999997,368,0.154,0.385,-1.234,56.0925882,-78.2660628,-2.5210152000000003,-10.37626938,1.77044022,-19.7956989
3.69,369,0.084,0.309,-1.369,52.48295279999999,-80.67248640000003,1.4896908000000002,-9.826229699999999,0.98548776,-19.66964814
3.6999999999999997,370,0.040999999999999995,0.257,-1.4080000000000001,53.4569814,-74.31265259999998,3.8388186,-9.27619002,0.27501984,-19.53213822
3.71,371,0.045,0.22899999999999998,-1.4140000000000001,54.6601932,-65.54639519999999,3.6096353999999997,-8.7089616,-0.35523396,-19.41754662
3.7199999999999998,372,0.067,0.2,-1.3430000000000002,49.3316838,-58.44171600000001,2.1199446,-8.19902898,-0.9167328,-19.33160292
3.73,373,0.036000000000000004,0.174,-1.32,40.1643558,-54.7747848,-1.8907614,-7.78649922,-1.45531332,-19.29722544
3.7399999999999998,374,0.049,0.099,-1.3319999999999999,32.8877892,-55.86340500000001,-5.2712136,-7.448453999999999,-2.005353,-19.29149586
3.75,375,0.07,0.027000000000000003,-1.2590000000000001,19.767051000000002,-57.58227899999999,-7.6776372,-7.2307299600000015,-2.57258142,-19.31441418
3.76,376,0.013999999999999999,-0.021,-1.125,4.9847346,-49.04520479999999,-13.120738199999998,-7.167704579999999,-3.07105488,-19.40035788
3.77,377,-0.002,-0.051,-1.165,-16.042824000000003,-22.91832,-21.829699800000004,-7.316673659999997,-3.3231564,-19.58943402
3.78,378,0.086,-0.01,-1.135,-26.1841806,-8.136003599999999,-25.152856200000002,-7.56877518,-3.44347758,-19.83007638
3.79,379,0.10800000000000001,0.044000000000000004,-1.034,-26.0122932,0.4583664000000001,-21.4286292,-7.820876699999999,-3.4663959,-20.03634126
3.8,380,0.021,0.048,-0.968,-24.5798982,-3.2085647999999996,-13.2353298,-8.044330319999998,-3.50650296,-20.168121600000006
3.81,381,-0.151,-0.001,-0.8759999999999999,-27.8457588,-14.037471,-7.161975,-8.325079740000001,-3.66120162,-20.21968782
3.82,382,-0.358,-0.078,-0.804,-33.002380800000005,-16.959556799999998,-7.6776372,-8.651665800000002,-3.8388186000000006,-20.27125404
3.83,383,-0.457,-0.124,-0.7609999999999999,-38.27359439999999,-7.5630456000000015,-12.318597,-9.03554766,-3.93622146,-20.38011606
3.84,384,-0.43799999999999994,-0.136,-0.6990000000000001,-29.335449600000004,6.990087599999999,-15.928232399999999,-9.32202666,-3.896114400000001,-20.5405443
3.8499999999999996,385,-0.285,-0.11599999999999999,-0.7020000000000001,-16.272007199999994,26.642546999999997,-15.756345,-9.453807000000001,-3.68411994,-20.72962044
3.86,386,-0.155,-0.054000000000000006,-0.7440000000000001,-10.828906199999999,33.3461556,-12.7196676,-9.55693944,-3.380452200000001,-20.89577826
3.8699999999999997,387,-0.034,0.03,-0.763,-8.078707799999998,35.52339600000001,-7.906820400000001,-9.63715356,-3.04813656,-21.02182902
3.88,388,0.053,0.096,-0.8079999999999999,-6.703608600000001,35.2942128,-2.4637194,-9.70590852,-2.70436176,-21.09631356
3.8899999999999997,389,0.051,0.132,-0.848,-6.2452422,33.2888598,2.291832,-9.77466348,-2.3777757,-21.11923188
3.9,390,0.071,0.139,-0.9129999999999999,-5.5576926,28.877083199999998,6.9327918,-9.83195928,-2.05691922,-21.09631356
3.9099999999999997,391,0.087,0.15,-0.9940000000000001,-4.8128472,20.912967000000002,11.3445684,-9.88925508,-1.8334656000000005,-21.01609944
3.92,392,0.107,0.17800000000000002,-1.085,-1.7761698000000001,11.745639,15.011499599999999,-9.9121734,-1.6959556799999995,-20.884319100000006
3.9299999999999997,393,0.044000000000000004,0.22899999999999998,-1.135,5.7868758000000025,-5.2712136,16.4438946,-9.8548776,-1.7188740000000002,-20.712431700000003
3.94,394,-0.039,0.23600000000000002,-1.181,13.0061466,-16.329303,15.2406828,-9.72882684,-1.85065434,-20.54627388
3.9499999999999997,395,-0.133,0.21899999999999997,-1.208,17.7044022,-23.777757,13.0061466,-9.55120986,-2.07410796,-20.38011606
3.96,396,-0.222,0.207,-1.214,23.777757,-27.960350399999996,10.3705398,-9.3105675,-2.32620948,-20.24260614
3.9699999999999998,397,-0.271,0.21,-1.183,34.3201842,-29.163562199999998,8.5370742,-8.9667927,-2.59549974,-20.12801454
3.98,398,-0.285,0.209,-1.119,41.0237928,-35.0650296,8.021412000000002,-8.54853336,-2.9220857999999996,-20.00769336
3.9899999999999998,399,-0.264,0.22899999999999998,-0.971,42.685371,-40.8519054,6.589017,-8.11308528,-3.3116972399999995,-19.89883134
4.0,400,-0.24100000000000002,0.198,-0.85,39.7059894,-39.3622146,5.844171599999999,-7.72347384,-3.71276784,-19.7956989
4.01,401,-0.19699999999999998,0.151,-0.853,29.793815999999996,-31.22621100000001,5.3285094000000015,-7.4198061,-4.010706,-19.71548478
4.02,402,-0.149,0.096,-0.912,22.631841,-26.1841806,4.9274388,-7.19635248,-4.25707794,-19.64100024
4.03,403,-0.092,0.045,-0.9520000000000001,18.9649098,-20.7410796,3.9534102,-7.001546759999999,-4.45761324,-19.58370444
4.04,404,-0.006999999999999999,0.001,-0.9590000000000001,18.907614,-13.0061466,2.6356068,-6.812470620000001,-4.57793442,-19.54932696
4.05,405,0.059000000000000004,-0.027000000000000003,-0.976,17.303331600000003,-5.443101,1.3178034,-6.57755784,-4.5550161000000005,-19.54932696
4.06,406,0.106,-0.024,-0.987,14.381245800000002,1.5469866,-1.0313244000000001,-6.428588760000001,-4.53782736,-19.56078612
4.07,407,0.125,0.009000000000000001,-0.99,11.5737516,8.7089616,-3.9534102,-6.30826758,-4.45188366,-19.61235234
4.08,408,0.113,0.048,-0.9640000000000001,7.333862400000001,14.667724800000002,-7.5057497999999985,-6.22805346,-4.31437374,-19.69829604
4.09,409,0.067,0.081,-0.904,3.2658606,24.350715,-11.3445684,-6.1879464,-4.09092012,-19.83007638
4.1,410,0.027999999999999997,0.096,-0.84,0.286479,33.2888598,-12.3758928,-6.1879464,-3.75860448,-19.97904546
4.109999999999999,411,0.006,0.102,-0.7879999999999999,-2.86479,41.0237928,-9.2819196,-6.2165943,-3.36326346,-20.10509622
4.12,412,0.01,0.127,-0.77,-6.1879464,43.48751220000001,-3.1512689999999997,-6.2796196800000015,-2.93927454,-20.168121600000006
4.13,413,0.022000000000000002,0.158,-0.773,-6.589017,36.7839036,3.6669312000000014,-6.35410422,-2.57258142,-20.16239202
4.14,414,0.011000000000000001,0.17800000000000002,-0.7959999999999999,-7.448453999999999,23.14750320000001,8.3651868,-6.43431834,-2.3376686399999995,-20.09936664
4.1499999999999995,415,-0.019,0.184,-0.813,-8.250595200000001,12.7196676,9.2819196,-6.54890994,-2.2058883,-20.01342294
4.16,416,-0.052000000000000005,0.17800000000000002,-0.841,-8.8235532,10.313244000000001,7.448453999999999,-6.6463128,-2.09702628,-19.950397560000006
4.17,417,-0.053,0.154,-0.885,-10.084060800000001,9.7975818,4.4117766,-6.74944524,-1.99962342,-19.91602008
4.18,418,-0.038,0.132,-0.941,-12.5477802,6.7609043999999985,2.0626488000000003,-6.875496000000001,-1.93086846,-19.89883134
4.1899999999999995,419,-0.035,0.127,-0.9890000000000001,-13.5791046,3.380452200000001,0.3437748,-7.018735500000001,-1.89649098,-19.89883134
4.2,420,-0.025,0.134,-1.037,-13.2353298,1.4896908000000002,-0.40107059999999994,-7.167704579999999,-1.87930224,-19.89883134
4.21,421,-0.008,0.151,-1.073,-11.917526400000002,1.7188740000000002,-0.6302538000000001,-7.288025760000001,-1.86784308,-19.9102905
4.22,422,0.009000000000000001,0.16699999999999998,-1.105,-9.5111028,2.4064236,0.0,-7.385428619999999,-1.84492476,-19.9102905
4.2299999999999995,423,0.021,0.177,-1.124,-6.8182002000000015,3.6669312000000014,1.145916,-7.45418358,-1.8048177,-19.89883134
4.24,424,0.040999999999999995,0.18100000000000002,-1.129,-4.0680017999999984,5.2139178,2.1772404,-7.500020219999999,-1.75325148,-19.8816426
4.25,425,0.057,0.174,-1.119,-0.286479,6.875496000000001,2.5783110000000002,-7.51720896,-1.64438946,-19.87018344
4.26,426,0.07200000000000001,0.152,-1.0979999999999999,2.6356068,7.9641161999999985,1.9480572,-7.49429064,-1.56417534,-19.85872428
4.27,427,0.083,0.125,-1.072,4.4690724,8.307891,0.9167328000000001,-7.448453999999999,-1.4782316400000002,-19.85872428
4.28,428,0.096,0.10099999999999999,-1.048,5.042030400000002,8.021412000000002,-0.2291832000000001,-7.39688778,-1.39801752,-19.87018344
4.29,429,0.106,0.086,-1.025,5.042030400000002,6.990087599999999,-1.3750992,-7.34532156,-1.32926256,-19.89310176
4.3,430,0.114,0.078,-1.01,4.8701430000000006,5.0993262,-2.2345362,-7.2765666,-1.1745639,-19.938938399999998
4.31,431,0.114,0.079,-0.9940000000000001,4.5263682,2.5210152000000003,-3.0366774,-7.2307299600000015,-1.15164558,-19.9675863
4.32,432,0.102,0.08900000000000001,-0.978,4.4117766,0.3437748,-3.6669312000000014,-7.1848933200000005,-1.15164558,-20.00769336
4.33,433,0.09,0.102,-0.9670000000000001,4.010706000000001,-1.0313244000000001,-4.583664,-7.13905668,-1.1688343199999998,-20.05353
4.34,434,0.075,0.114,-0.9570000000000001,3.4377480000000005,-1.6615782,-5.3285094000000015,-7.1046792000000005,-1.19175264,-20.10509622
4.35,435,0.061,0.124,-0.953,2.7501984,-2.1199446,-5.6722842,-7.098949620000001,-1.15164558,-20.168121600000006
4.36,436,0.053,0.134,-0.955,2.2345362,-2.1772404,-5.72958,-7.076031300000001,-1.18029348,-20.2254174
4.37,437,0.05,0.14400000000000002,-0.96,1.9480572,-2.5210152000000003,-5.1566220000000005,-7.05311298,-1.20894138,-20.27125404
4.38,438,0.047,0.154,-0.966,1.7188740000000002,-2.9793816000000004,-4.5263682,-7.03592424,-1.24331886,-20.3113611
4.39,439,0.040999999999999995,0.154,-0.971,1.6042823999999998,-3.6669312000000014,-3.8388186,-7.018735500000001,-1.2891555,-20.35146816
4.3999999999999995,440,0.033,0.156,-0.98,1.6042823999999998,-4.0680017999999984,-3.1512689999999997,-7.05884256,-1.27769634,-20.38584564
4.41,441,0.025,0.149,-0.9840000000000001,1.2605076000000002,-4.4690724,-2.4637194,-7.0416538200000005,-1.32353298,-20.40303438
4.42,442,0.012,0.141,-0.99,0.7448454000000001,-4.7555514,-1.8334656000000005,-7.03592424,-1.3750992,-20.42022312
4.43,443,-0.001,0.138,-0.995,0.286479,-4.6982555999999995,-1.0886202,-7.030194660000001,-1.4209358399999998,-20.4259527
4.4399999999999995,444,-0.012,0.14,-0.996,-0.11459160000000004,-4.4117766,-0.40107059999999994,-7.030194660000001,-1.46677248,-20.4259527
4.45,445,-0.02,0.142,-0.997,-0.286479,-4.0680017999999984,0.3437748,-7.1046792000000005,-1.5183387000000002,-20.41449354
4.46,446,-0.023,0.142,-0.996,-0.40107059999999994,-3.4377480000000005,0.9740286,-7.11040878,-1.5469866,-20.40303438
4.47,447,-0.024,0.14,-0.99,-0.3437748,-2.8074942000000003,1.5469866,-7.116138359999999,-1.5756344999999998,-20.38584564
4.4799999999999995,448,-0.025,0.134,-0.983,-0.286479,-2.291832,2.0626488000000003,-7.116138359999999,-1.59282324,-20.36292732
4.49,449,-0.026000000000000002,0.131,-0.978,-0.1718874,-1.7761698000000001,2.1772404,-7.12186794,-1.61001198,-20.33427942
4.5,450,-0.026000000000000002,0.128,-0.975,-0.057295800000000015,-1.2605076000000002,2.1772404,-7.1906228999999975,-1.64438946,-20.30563152
4.51,451,-0.027999999999999997,0.127,-0.975,-0.11459160000000004,-0.572958,2.0053530000000004,-7.1906228999999975,-1.65011904,-20.28844278
4.52,452,-0.027999999999999997,0.124,-0.978,-0.40107059999999994,0.11459160000000004,1.9480572,-7.19635248,-1.64438946,-20.26552446
4.53,453,-0.024,0.121,-0.981,-0.7448454000000001,1.0886202,1.8907614,-7.20781164,-1.6329303,-20.24833572
4.54,454,-0.018000000000000002,0.11800000000000001,-0.985,-0.8021411999999999,1.9480572,1.8334656000000005,-7.213541219999999,-1.61001198,-20.23114698
4.55,455,-0.013000000000000001,0.11599999999999999,-0.986,-0.8021411999999999,2.6929026,1.8334656000000005,-7.242189120000001,-1.56990492,-20.21968782
4.56,456,-0.005,0.11599999999999999,-0.985,-0.8021411999999999,3.1512689999999997,1.7188740000000002,-7.2479187000000005,-1.5412570200000002,-20.20249908
4.57,457,0.002,0.11699999999999999,-0.982,-0.8021411999999999,3.7242269999999995,1.5469866,-7.259377859999999,-1.50114996,-20.19103992
4.58,458,0.012,0.11800000000000001,-0.98,-1.2032118,3.8388186,1.432395,-7.270837019999999,-1.4610428999999998,-20.17958076
4.59,459,0.023,0.11900000000000001,-0.981,-1.5469866,3.7242269999999995,1.2605076000000002,-7.288025760000001,-1.4209358399999998,-20.17385118
4.6,460,0.033,0.121,-0.98,-1.4896908000000002,3.380452200000001,1.145916,-7.328132819999999,-1.30061466,-20.17958076
4.61,461,0.044000000000000004,0.122,-0.98,-1.3750992,2.6929026,1.0886202,-7.34532156,-1.27196676,-20.168121600000006
4.62,462,0.051,0.121,-0.977,-1.2605076000000002,1.9480572,0.9167328000000001,-7.3567807200000015,-1.24904844,-20.16239202
4.63,463,0.055999999999999994,0.122,-0.976,-0.9740286,1.145916,0.6875496,-7.36823988,-1.23758928,-20.15666244
4.64,464,0.062,0.124,-0.977,-0.9167328000000001,0.3437748,0.286479,-7.37969904,-1.2318597,-20.15093286
4.6499999999999995,465,0.067,0.126,-0.977,-0.7448454000000001,-0.572958,0.0,-7.48283148,-0.8136003599999999,-20.21395824
4.66,466,0.067,0.128,-0.978,-0.6302538000000001,-1.3178034,-0.1718874,-7.4885610599999985,-0.8250595199999999,-20.21395824
4.67,467,0.064,0.129,-0.981,-0.6302538000000001,-1.8334656000000005,-0.4583664000000001,-7.49429064,-0.8479778399999999,-20.21968782
4.68,468,0.061,0.129,-0.98,-0.6302538000000001,-2.0626488000000003,-0.7448454000000001,-7.505749800000001,-0.86516658,-20.2254174
4.6899999999999995,469,0.06,0.127,-0.982,-0.6302538000000001,-2.1772404,-0.9167328000000001,-7.51147938,-0.8880849000000001,-20.23114698
4.7,470,0.057999999999999996,0.127,-0.9840000000000001,-0.8021411999999999,-2.1772404,-0.9167328000000001,-7.55731602,-0.75630456,-20.25979488
4.71,471,0.055,0.129,-0.986,-0.4583664000000001,-2.0626488000000003,-0.9167328000000001,-7.5630456000000015,-0.7792228800000001,-20.26552446
4.72,472,0.049,0.128,-0.986,-0.057295800000000015,-2.0053530000000004,-1.0886202,-7.5630456000000015,-0.8021412000000001,-20.276983620000006
4.7299999999999995,473,0.047,0.127,-0.9840000000000001,-0.11459160000000004,-2.0053530000000004,-0.9167328000000001,-7.5630456000000015,-0.8193299399999999,-20.2827132
4.74,474,0.044000000000000004,0.128,-0.982,-0.2291832000000001,-2.0626488000000003,-0.8021411999999999,-7.5630456000000015,-0.8422482600000001,-20.28844278
4.75,475,0.039,0.128,-0.977,-0.6875496,-2.291832,-0.6302538000000001,-7.61461182,-0.76776372,-20.3113611
4.76,476,0.03,0.126,-0.975,-1.3750992,-2.3491277999999998,-0.6875496,-7.62607098,-0.7906820400000001,-20.3113611
4.77,477,0.021,0.126,-0.9740000000000001,-2.0053530000000004,-2.5210152000000003,-0.7448454000000001,-7.64325972,-0.8136003599999999,-20.31709068
4.78,478,0.013999999999999999,0.128,-0.977,-2.4064236,-2.7501984,-0.7448454000000001,-7.671907620000002,-0.8422482600000001,-20.32282026
4.79,479,0.012,0.13,-0.9840000000000001,-2.4637194,-3.0366774,-0.6302538000000001,-7.6948259399999985,-0.87662574,-20.32854984
4.8,480,0.012,0.132,-0.988,-2.1772404,-3.1512689999999997,-0.3437748,-7.746392160000001,-0.87662574,-20.32854984
4.81,481,0.011000000000000001,0.134,-0.986,-1.6615782,-3.0939732,-0.2291832000000001,-7.763580899999999,-0.91100322,-20.32854984
4.82,482,0.01,0.139,-0.986,-1.0886202,-2.8074942000000003,-0.11459160000000004,-7.7750400599999985,-0.93965112,-20.32854984
4.83,483,0.006999999999999999,0.14,-0.9840000000000001,-0.7448454000000001,-2.5783110000000002,-0.1718874,-7.780769640000001,-0.96256944,-20.32854984
4.84,484,0.006999999999999999,0.139,-0.985,-0.5156622000000001,-2.3491277999999998,-0.2291832000000001,-7.78649922,-0.98548776,-20.32854984
4.85,485,0.008,0.138,-0.987,-0.2291832000000001,-2.2345362,-0.40107059999999994,-7.8495246,-0.95111028,-20.340009
4.86,486,0.011000000000000001,0.138,-0.99,0.0,-2.1772404,-0.5156622000000001,-7.8495246,-0.9740286,-20.340009
4.87,487,0.013999999999999999,0.136,-0.993,0.5156622000000001,-2.1199446,-0.4583664000000001,-7.84379502,-0.9912173399999998,-20.34573858
4.88,488,0.017,0.134,-0.995,0.8594370000000001,-1.8907614,-0.40107059999999994,-7.8323358600000015,-1.01413566,-20.34573858
4.89,489,0.017,0.132,-0.995,1.0886202,-1.6042823999999998,-0.40107059999999994,-7.820876699999999,-1.0313244000000001,-20.34573858
4.8999999999999995,490,0.017,0.132,-0.996,1.145916,-1.3178034,-0.2291832000000001,-7.8495246,-0.95683986,-20.36292732
4.91,491,0.017,0.132,-0.9940000000000001,1.0886202,-0.9740286,-0.1718874,-7.838065440000001,-0.96829902,-20.36292732
4.92,492,0.015,0.131,-0.993,0.9740286,-0.5156622000000001,-0.057295800000000015,-7.82660628,-0.96829902,-20.36292732
4.93,493,0.016,0.132,-0.991,1.0313244000000001,-0.2291832000000001,-0.11459160000000004,-7.815147120000002,-0.9740286,-20.36292732
4.9399999999999995,494,0.018000000000000002,0.13,-0.9890000000000001,1.145916,0.057295800000000015,-0.1718874,-7.80368796,-0.9740286,-20.368656899999998
4.95,495,0.02,0.13,-0.988,1.3178034,0.286479,-0.1718874,-7.8495246,-0.8537074199999999,-20.38584564
4.96,496,0.02,0.13,-0.9840000000000001,1.3750992,0.40107059999999994,-0.057295800000000015,-7.838065440000001,-0.8479778399999999,-20.38584564
4.97,497,0.021,0.13,-0.982,1.2032118,0.7448454000000001,-0.1718874,-7.82660628,-0.8422482600000001,-20.39157522
4.9799999999999995,498,0.023,0.131,-0.9790000000000001,1.0313244000000001,0.9740286,-0.057295800000000015,-7.815147120000002,-0.8307891,-20.39157522
4.99,499,0.025,0.128,-0.98,0.8594370000000001,1.145916,-0.057295800000000015,-7.80368796,-0.8193299399999999,-20.39157522
5.0,500,0.027999999999999997,0.128,-0.98,0.9167328000000001,1.145916,-0.057295800000000015,-7.838065440000001,-0.69327918,-20.41449354
5.01,501,0.03,0.128,-0.9790000000000001,0.9740286,1.0886202,0.0,-7.8323358600000015,-0.68182002,-20.41449354
5.02,502,0.034,0.127,-0.98,1.2032118,0.9740286,0.057295800000000015,-7.815147120000002,-0.6703608600000001,-20.41449354
5.03,503,0.034,0.126,-0.981,1.2605076000000002,0.8594370000000001,0.057295800000000015,-7.80368796,-0.6589017,-20.41449354
5.04,504,0.033,0.125,-0.983,1.4896908000000002,0.572958,0.11459160000000004,-7.78649922,-0.65317212,-20.41449354
5.05,505,0.031,0.124,-0.982,1.4896908000000002,0.40107059999999994,0.11459160000000004,-7.80368796,-0.53858052,-20.4259527
5.06,506,0.031,0.124,-0.983,1.432395,0.3437748,0.11459160000000004,-7.78649922,-0.53285094,-20.4259527
5.07,507,0.031,0.124,-0.982,1.432395,0.4583664000000001,0.2291832000000001,-7.7750400599999985,-0.52712136,-20.4259527
5.08,508,0.03,0.124,-0.983,1.432395,0.40107059999999994,0.2291832000000001,-7.75785132,-0.52139178,-20.4259527
5.09,509,0.028999999999999998,0.126,-0.9840000000000001,1.3750992,0.286479,0.2291832000000001,-7.746392160000001,-0.52139178,-20.42022312
5.1,510,0.03,0.126,-0.987,1.432395,0.11459160000000004,0.1718874,-7.78649922,-0.37815228,-20.43741186
5.11,511,0.027999999999999997,0.127,-0.986,1.432395,0.0,0.057295800000000015,-7.76931048,-0.37815228,-20.43741186
5.12,512,0.03,0.127,-0.986,1.6042823999999998,0.2291832000000001,-0.11459160000000004,-7.75212174,-0.37815228,-20.44314144
5.13,513,0.03,0.125,-0.9840000000000001,1.8334656000000005,0.2291832000000001,-0.3437748,-7.734933000000002,-0.3724227000000001,-20.44314144
5.14,514,0.031,0.124,-0.982,1.8907614,0.2291832000000001,-0.40107059999999994,-7.71201468,-0.3724227000000001,-20.44887102
5.1499999999999995,515,0.036000000000000004,0.12300000000000001,-0.981,1.8334656000000005,0.057295800000000015,-0.4583664000000001,-7.72347384,-0.26356068,-20.47178934
5.16,516,0.038,0.122,-0.981,1.7761698000000001,-0.1718874,-0.3437748,-7.7062851,-0.26929026,-20.47178934
5.17,517,0.036000000000000004,0.122,-0.981,1.7761698000000001,-0.4583664000000001,-0.3437748,-7.6890963600000015,-0.27501984,-20.47751892
5.18,518,0.034,0.12300000000000001,-0.981,1.6615782,-0.6302538000000001,-0.3437748,-7.671907620000002,-0.28074942,-20.47751892
5.1899999999999995,519,0.031,0.12300000000000001,-0.981,1.8334656000000005,-0.6875496,-0.286479,-7.648989299999997,-0.28647900000000004,-20.4832485
5.2,520,0.03,0.12300000000000001,-0.981,1.7761698000000001,-0.7448454000000001,-0.3437748,-7.66044846,-0.22918320000000006,-20.49470766
5.21,521,0.03,0.122,-0.982,1.7188740000000002,-0.572958,-0.4583664000000001,-7.64325972,-0.23491278,-20.50043724
5.22,522,0.03,0.122,-0.983,1.7188740000000002,-0.6875496,-0.40107059999999994,-7.62607098,-0.24064236,-20.50043724
5.2299999999999995,523,0.032,0.12300000000000001,-0.982,1.6042823999999998,-0.8021411999999999,-0.4583664000000001,-7.60888224,-0.24637194,-20.50616682
5.24,524,0.03,0.124,-0.982,1.432395,-0.9167328000000001,-0.4583664000000001,-7.5916935,-0.25783110000000004,-20.511896399999998
5.25,525,0.03,0.122,-0.982,1.432395,-0.9167328000000001,-0.3437748,-7.603152659999999,-0.20053530000000008,-20.52335556
5.26,526,0.03,0.11900000000000001,-0.982,1.3750992,-0.9167328000000001,-0.286479,-7.58596392,-0.21199446,-20.52335556
5.27,527,0.028999999999999998,0.11900000000000001,-0.983,1.2605076000000002,-0.8594370000000001,-0.1718874,-7.574504760000001,-0.21772404,-20.52908514
5.28,528,0.028999999999999998,0.11800000000000001,-0.981,1.3178034,-0.8021411999999999,-0.1718874,-7.5630456000000015,-0.22918320000000006,-20.52908514
5.29,529,0.03,0.11900000000000001,-0.983,1.3178034,-0.7448454000000001,-0.057295800000000015,-7.545856859999999,-0.23491278,-20.52908514
5.3,530,0.031,0.11800000000000001,-0.9840000000000001,1.3750992,-0.8021411999999999,-0.057295800000000015,-7.551586439999999,-0.16615782,-20.5405443
5.31,531,0.031,0.12,-0.985,1.4896908000000002,-0.8594370000000001,0.0,-7.54012728,-0.1718874,-20.5405443
5.32,532,0.031,0.11900000000000001,-0.9840000000000001,1.5469866,-0.8594370000000001,0.0,-7.52293854,-0.18334656,-20.5405443
5.33,533,0.028999999999999998,0.11800000000000001,-0.9840000000000001,1.6042823999999998,-0.8594370000000001,0.0,-7.505749800000001,-0.18907614,-20.5405443
5.34,534,0.027000000000000003,0.11699999999999999,-0.983,1.6042823999999998,-0.6302538000000001,0.0,-7.4885610599999985,-0.19480572,-20.53481472
5.35,535,0.027000000000000003,0.11800000000000001,-0.982,1.4896908000000002,-0.4583664000000001,-0.057295800000000015,-7.505749800000001,-0.12605075999999998,-20.54627388
5.36,536,0.027999999999999997,0.11800000000000001,-0.982,1.4896908000000002,-0.3437748,-0.057295800000000015,-7.4885610599999985,-0.13178034,-20.55200346
5.37,537,0.028999999999999998,0.11800000000000001,-0.983,1.3750992,-0.2291832000000001,-0.1718874,-7.47137232,-0.13178034,-20.55200346
5.38,538,0.031,0.11599999999999999,-0.983,1.4896908000000002,-0.2291832000000001,-0.11459160000000004,-7.459913160000001,-0.13750992,-20.55200346
5.39,539,0.031,0.11699999999999999,-0.9840000000000001,1.5469866,-0.40107059999999994,-0.1718874,-7.4427244199999985,-0.13750992,-20.55200346
5.3999999999999995,540,0.03,0.115,-0.983,1.6042823999999998,-0.5156622000000001,-0.1718874,-7.4427244199999985,-0.07448454,-20.56346262
5.41,541,0.027999999999999997,0.115,-0.983,1.6042823999999998,-0.4583664000000001,-0.057295800000000015,-7.42553568,-0.08021412,-20.56346262
5.42,542,0.027999999999999997,0.114,-0.982,1.4896908000000002,-0.40107059999999994,-0.1718874,-7.41407652,-0.08021412,-20.5691922
5.43,543,0.027000000000000003,0.114,-0.982,1.432395,-0.1718874,-0.11459160000000004,-7.39688778,-0.0859437,-20.5691922
5.4399999999999995,544,0.03,0.114,-0.983,1.3178034,0.0,-0.11459160000000004,-7.385428619999999,-0.0859437,-20.5691922
5.45,545,0.033,0.114,-0.9840000000000001,1.145916,0.0,-0.11459160000000004,-7.402617360000002,0.03437748,-20.58638094
5.46,546,0.035,0.114,-0.9840000000000001,1.0313244000000001,-0.2291832000000001,-0.1718874,-7.3911582,0.03437748,-20.59211052
5.47,547,0.038,0.114,-0.983,1.0313244000000001,-0.40107059999999994,-0.1718874,-7.37969904,0.028647900000000007,-20.59211052
5.4799999999999995,548,0.037000000000000005,0.114,-0.983,0.9740286,-0.5156622000000001,-0.057295800000000015,-7.36823988,0.02291832,-20.59211052
5.49,549,0.037000000000000005,0.113,-0.983,1.0886202,-0.6302538000000001,-0.11459160000000004,-7.3567807200000015,0.01718874,-20.59211052
5.5,550,0.036000000000000004,0.113,-0.983,-0.286479,-0.2291832000000001,0.0,-7.42553568,0.32085648,-20.63221758
5.51,551,0.035,0.113,-0.983,-0.1718874,-0.1718874,0.0,-7.431265259999999,0.32085648,-20.63221758
5.52,552,0.035,0.114,-0.981,-0.11459160000000004,-0.1718874,0.0,-7.431265259999999,0.32085648,-20.63221758
5.53,553,0.035,0.113,-0.981,-0.2291832000000001,-0.057295800000000015,0.0,-7.431265259999999,0.32085648,-20.63221758
5.54,554,0.037000000000000005,0.11199999999999999,-0.981,-0.4583664000000001,0.11459160000000004,0.057295800000000015,-7.43699484,0.32085648,-20.63221758
5.55,555,0.037000000000000005,0.111,-0.982,-0.4583664000000001,0.11459160000000004,0.11459160000000004,-7.46564274,0.4870143000000001,-20.64940632
5.56,556,0.039,0.111,-0.983,-0.572958,0.057295800000000015,0.11459160000000004,-7.47137232,0.4870143000000001,-20.64940632
5.57,557,0.039,0.11199999999999999,-0.982,-0.5156622000000001,0.0,0.2291832000000001,-7.477101899999999,0.4870143000000001,-20.64940632
5.58,558,0.039,0.111,-0.982,-0.40107059999999994,-0.1718874,0.1718874,-7.48283148,0.4870143000000001,-20.64367674
5.59,559,0.039,0.11,-0.982,-0.4583664000000001,-0.286479,0.057295800000000015,-7.4885610599999985,0.4870143000000001,-20.64367674
5.6,560,0.039,0.11,-0.983,-0.40107059999999994,-0.5156622000000001,0.057295800000000015,-7.49429064,0.5729580000000001,-20.6551359
5.61,561,0.039,0.109,-0.982,-0.3437748,-0.6302538000000001,0.057295800000000015,-7.500020219999999,0.56722842,-20.64940632
5.62,562,0.038,0.11,-0.981,-0.40107059999999994,-0.8021411999999999,0.11459160000000004,-7.500020219999999,0.56149884,-20.64940632
5.63,563,0.037000000000000005,0.111,-0.981,-0.286479,-0.9740286,0.11459160000000004,-7.505749800000001,0.55003968,-20.64940632
5.64,564,0.035,0.11,-0.981,-0.3437748,-1.0886202,0.11459160000000004,-7.505749800000001,0.53858052,-20.64367674
5.6499999999999995,565,0.033,0.11,-0.981,-0.40107059999999994,-1.145916,0.057295800000000015,-7.51147938,0.5786875800000001,-20.64940632
5.66,566,0.032,0.10800000000000001,-0.9840000000000001,-0.286479,-1.0886202,0.057295800000000015,-7.51720896,0.56722842,-20.64367674
5.67,567,0.031,0.10800000000000001,-0.9840000000000001,-0.1718874,-1.0886202,0.0,-7.51720896,0.55576926,-20.64367674
5.68,568,0.03,0.109,-0.986,-0.11459160000000004,-1.0886202,-0.11459160000000004,-7.52293854,0.5443101,-20.64367674
5.6899999999999995,569,0.031,0.109,-0.9840000000000001,0.0,-1.2032118,-0.1718874,-7.52293854,0.53285094,-20.64367674
5.7,570,0.03,0.10800000000000001,-0.985,-0.057295800000000015,-1.145916,-0.286479,-7.51147938,0.56149884,-20.64940632
5.71,571,0.027999999999999997,0.109,-0.9840000000000001,-0.286479,-0.8021411999999999,-0.2291832000000001,-7.51720896,0.55576926,-20.6551359
5.72,572,0.031,0.10800000000000001,-0.9840000000000001,-0.572958,-0.286479,-0.1718874,-7.52293854,0.55003968,-20.6551359
5.7299999999999995,573,0.035,0.109,-0.9840000000000001,-0.6302538000000001,-0.2291832000000001,-0.11459160000000004,-7.528668120000002,0.55003968,-20.6551359
5.74,574,0.037000000000000005,0.109,-0.9840000000000001,-0.6875496,-0.7448454000000001,0.0,-7.534397699999999,0.53858052,-20.6551359
5.75,575,0.031,0.10800000000000001,-0.9790000000000001,-0.6302538000000001,-0.8594370000000001,0.11459160000000004,-7.54012728,0.56149884,-20.6551359
5.76,576,0.024,0.10800000000000001,-0.973,-0.40107059999999994,-0.572958,0.11459160000000004,-7.545856859999999,0.55576926,-20.6551359
5.77,577,0.023,0.107,-0.975,-0.572958,-0.2291832000000001,0.0,-7.551586439999999,0.55576926,-20.6551359
5.78,578,0.027999999999999997,0.105,-0.977,-0.8021411999999999,0.0,-0.11459160000000004,-7.5630456000000015,0.55576926,-20.6551359
5.79,579,0.033,0.105,-0.976,-0.9740286,0.0,-0.2291832000000001,-7.56877518,0.55576926,-20.66086548
5.8,580,0.034,0.102,-0.9740000000000001,-1.2032118,-0.1718874,-0.1718874,-7.5630456000000015,0.59014674,-20.66086548
5.81,581,0.033,0.10099999999999999,-0.976,-1.6042823999999998,-0.4583664000000001,-0.2291832000000001,-7.574504760000001,0.59014674,-20.66659506
5.82,582,0.033,0.10400000000000001,-0.977,-2.0053530000000004,-0.5156622000000001,-0.11459160000000004,-7.59742308,0.5844171599999999,-20.66659506
5.83,583,0.032,0.106,-0.9790000000000001,-2.291832,-0.6302538000000001,0.11459160000000004,-7.620341400000001,0.5729580000000001,-20.66086548
5.84,584,0.028999999999999998,0.107,-0.985,-2.2345362,-0.7448454000000001,0.2291832000000001,-7.64325972,0.56722842,-20.66086548
5.85,585,0.028999999999999998,0.10400000000000001,-0.988,-1.8334656000000005,-0.572958,0.286479,-7.64325972,0.5844171599999999,-20.66086548
5.86,586,0.031,0.10400000000000001,-0.987,-1.432395,-0.40107059999999994,0.1718874,-7.66044846,0.5844171599999999,-20.6551359
5.87,587,0.032,0.105,-0.983,-1.0886202,-0.1718874,0.11459160000000004,-7.671907620000002,0.5786875800000001,-20.6551359
5.88,588,0.035,0.11,-0.9790000000000001,-1.0313244000000001,0.0,0.11459160000000004,-7.68336678,0.5786875800000001,-20.64940632
5.89,589,0.038,0.11,-0.976,-1.0886202,-0.11459160000000004,0.0,-7.6948259399999985,0.5786875800000001,-20.64940632
5.8999999999999995,590,0.037000000000000005,0.109,-0.976,-1.3178034,-0.286479,-0.057295800000000015,-7.70055552,0.62452422,-20.6551359
5.91,591,0.037000000000000005,0.11,-0.978,-1.4896908000000002,-0.572958,-0.057295800000000015,-7.71201468,0.61879464,-20.6551359
5.92,592,0.037000000000000005,0.11,-0.9790000000000001,-1.6615782,-0.6302538000000001,-0.057295800000000015,-7.72920342,0.61306506,-20.6551359
5.93,593,0.039,0.109,-0.98,-1.6615782,-0.5156622000000001,0.0,-7.746392160000001,0.6073354799999999,-20.6551359
5.9399999999999995,594,0.04,0.11,-0.983,-1.6615782,-0.6875496,0.0,-7.763580899999999,0.59587632,-20.6551359
5.95,595,0.04,0.109,-0.983,-1.6615782,-0.8021411999999999,0.057295800000000015,-7.7750400599999985,0.6302538000000001,-20.6551359
5.96,596,0.038,0.109,-0.9840000000000001,-1.7188740000000002,-0.9167328000000001,0.11459160000000004,-7.792228800000001,0.61879464,-20.6551359
5.97,597,0.037000000000000005,0.109,-0.9840000000000001,-1.7761698000000001,-0.9740286,0.057295800000000015,-7.80941754,0.61306506,-20.6551359
5.9799999999999995,598,0.034,0.106,-0.985,-1.7761698000000001,-1.0886202,0.11459160000000004,-7.82660628,0.6016058999999999,-20.64940632
5.99,599,0.032,0.107,-0.985,-1.7761698000000001,-1.145916,0.057295800000000015,-7.84379502,0.59014674,-20.64940632
6.0,600,0.033,0.105,-0.986,-1.8334656000000005,-1.0313244000000001,0.0,-7.8495246,0.6016058999999999,-20.64940632
6.01,601,0.034,0.105,-0.985,-1.8334656000000005,-0.9740286,0.0,-7.866713339999999,0.59014674,-20.64940632
6.02,602,0.033,0.105,-0.9840000000000001,-1.8334656000000005,-1.0313244000000001,-0.057295800000000015,-7.88390208,0.5786875800000001,-20.64367674
6.03,603,0.032,0.105,-0.9840000000000001,-2.0053530000000004,-1.0886202,0.0,-7.906820399999999,0.56722842,-20.64367674
6.04,604,0.031,0.106,-0.983,-2.0053530000000004,-1.145916,0.0,-7.92400914,0.55576926,-20.64367674
6.05,605,0.027999999999999997,0.106,-0.983,-2.0053530000000004,-0.9740286,0.0,-7.929738719999999,0.56149884,-20.64367674
6.06,606,0.028999999999999998,0.106,-0.982,-1.8907614,-0.8594370000000001,0.0,-7.94692746,0.55003968,-20.64367674
6.07,607,0.028999999999999998,0.106,-0.981,-1.8907614,-0.8594370000000001,-0.11459160000000004,-7.9641161999999985,0.5443101,-20.64367674
6.08,608,0.032,0.10800000000000001,-0.982,-1.8334656000000005,-0.6302538000000001,-0.057295800000000015,-7.987034519999999,0.53858052,-20.64367674
6.09,609,0.031,0.107,-0.983,-1.8334656000000005,-0.8594370000000001,-0.057295800000000015,-8.00422326,0.52712136,-20.64367674
6.1,610,0.03,0.109,-0.983,-1.8907614,-0.8594370000000001,0.0,-8.00422326,0.53858052,-20.64367674
6.11,611,0.028999999999999998,0.11,-0.983,-1.8907614,-0.8594370000000001,0.11459160000000004,-8.02714158,0.53285094,-20.63794716
6.12,612,0.03,0.11,-0.983,-2.0626488000000003,-0.8021411999999999,0.11459160000000004,-8.0500599,0.52139178,-20.63794716
6.13,613,0.031,0.11199999999999999,-0.9840000000000001,-2.1772404,-0.8021411999999999,0.11459160000000004,-8.067248639999999,0.5156622000000001,-20.63221758
6.14,614,0.03,0.11199999999999999,-0.986,-2.0626488000000003,-0.8594370000000001,0.11459160000000004,-8.09016696,0.5042030399999999,-20.63221758
6.15,615,0.027999999999999997,0.11199999999999999,-0.987,-2.0053530000000004,-0.8594370000000001,0.057295800000000015,-8.09589654,0.5156622000000001,-20.63221758
6.16,616,0.027999999999999997,0.111,-0.986,-1.8907614,-0.8021411999999999,0.0,-8.11881486,0.5042030399999999,-20.63221758
6.17,617,0.031,0.11199999999999999,-0.986,-1.8334656000000005,-0.6302538000000001,0.0,-8.136003599999999,0.4984734599999999,-20.63221758
6.18,618,0.033,0.111,-0.985,-0.4583664000000001,0.0,0.057295800000000015,-8.14173318,0.4984734599999999,-20.626488
6.1899999999999995,619,0.036000000000000004,0.111,-0.983,-0.057295800000000015,0.11459160000000004,0.057295800000000015,-8.14173318,0.4984734599999999,-20.626488
6.2,620,0.035,0.11199999999999999,-0.9840000000000001,-0.1718874,0.11459160000000004,0.11459160000000004,-8.09589654,0.61879464,-20.63794716
6.21,621,0.033,0.11199999999999999,-0.9840000000000001,-0.2291832000000001,0.0,0.11459160000000004,-8.09589654,0.61879464,-20.63221758
6.22,622,0.031,0.111,-0.9840000000000001,-0.2291832000000001,0.0,0.057295800000000015,-8.10162612,0.61879464,-20.63221758
6.2299999999999995,623,0.031,0.111,-0.9840000000000001,-0.057295800000000015,0.057295800000000015,0.0,-8.10162612,0.61879464,-20.63221758
6.24,624,0.032,0.11,-0.9840000000000001,0.057295800000000015,0.11459160000000004,0.0,-8.10162612,0.61879464,-20.63221758
6.25,625,0.03,0.11,-0.983,0.057295800000000015,0.2291832000000001,-0.057295800000000015,-7.9927641000000005,0.7391158200000001,-20.64367674
6.26,626,0.031,0.11,-0.982,0.0,0.2291832000000001,-0.11459160000000004,-7.9927641000000005,0.7391158200000001,-20.64367674
6.27,627,0.03,0.11,-0.982,-0.057295800000000015,0.1718874,-0.057295800000000015,-7.9927641000000005,0.7391158200000001,-20.64367674
6.28,628,0.031,0.11,-0.983,0.0,0.1718874,-0.11459160000000004,-7.9927641000000005,0.7448454000000001,-20.64367674
6.29,629,0.032,0.11,-0.9840000000000001,0.0,0.1718874,-0.1718874,-7.9927641000000005,0.7448454000000001,-20.64940632
6.3,630,0.033,0.109,-0.985,0.0,0.1718874,-0.1718874,-7.88390208,0.87662574,-20.6551359
6.31,631,0.033,0.109,-0.983,0.0,0.057295800000000015,-0.1718874,-7.88390208,0.87662574,-20.66086548
6.32,632,0.032,0.109,-0.9840000000000001,0.1718874,0.0,0.0,-7.88390208,0.87662574,-20.66086548
6.33,633,0.033,0.10800000000000001,-0.9840000000000001,0.057295800000000015,0.0,0.0,-7.88390208,0.87662574,-20.66086548
6.34,634,0.033,0.109,-0.985,0.11459160000000004,0.0,0.0,-7.8781725000000025,0.87662574,-20.66086548
6.35,635,0.032,0.109,-0.9840000000000001,0.1718874,-0.11459160000000004,0.0,-7.8323358600000015,0.9453807,-20.66659506
6.36,636,0.03,0.109,-0.983,0.1718874,-0.11459160000000004,-0.057295800000000015,-7.8323358600000015,0.9453807,-20.66659506
6.37,637,0.031,0.11,-0.9840000000000001,0.11459160000000004,-0.057295800000000015,0.0,-7.8323358600000015,0.9453807,-20.66659506
6.38,638,0.031,0.11,-0.983,0.1718874,0.0,0.0,-7.82660628,0.9453807,-20.66659506
6.39,639,0.031,0.111,-0.9840000000000001,0.11459160000000004,0.0,-0.057295800000000015,-7.82660628,0.9453807,-20.66659506
6.4,640,0.032,0.11199999999999999,-0.9840000000000001,0.11459160000000004,0.0,0.0,-7.792228800000001,0.9969469199999998,-20.67232464
6.41,641,0.032,0.111,-0.9840000000000001,0.11459160000000004,-0.057295800000000015,0.0,-7.78649922,0.9969469199999998,-20.67232464
6.42,642,0.031,0.11199999999999999,-0.9840000000000001,0.11459160000000004,-0.057295800000000015,0.0,-7.78649922,0.9969469199999998,-20.67232464
6.43,643,0.031,0.11199999999999999,-0.983,0.0,0.0,0.0,-7.78649922,0.9969469199999998,-20.67232464
6.4399999999999995,644,0.031,0.111,-0.983,0.0,-0.057295800000000015,0.0,-7.78649922,0.9969469199999998,-20.67232464
6.45,645,0.032,0.11199999999999999,-0.983,-0.057295800000000015,-0.1718874,0.0,-7.75785132,1.04851314,-20.67232464
6.46,646,0.032,0.11199999999999999,-0.9840000000000001,0.0,-0.2291832000000001,0.057295800000000015,-7.75785132,1.04278356,-20.67232464
6.47,647,0.032,0.11199999999999999,-0.983,0.0,-0.3437748,0.11459160000000004,-7.75785132,1.04278356,-20.67232464
6.4799999999999995,648,0.031,0.113,-0.982,0.0,-0.3437748,0.2291832000000001,-7.75785132,1.03705398,-20.66659506
6.49,649,0.031,0.113,-0.983,-0.1718874,-0.40107059999999994,0.2291832000000001,-7.763580899999999,1.03705398,-20.66659506
6.5,650,0.031,0.114,-0.981,-0.1718874,-0.4583664000000001,0.1718874,-7.763580899999999,1.04278356,-20.66086548
6.51,651,0.03,0.113,-0.9840000000000001,-0.2291832000000001,-0.572958,0.1718874,-7.763580899999999,1.03705398,-20.66086548
6.52,652,0.028999999999999998,0.113,-0.9840000000000001,-0.286479,-0.4583664000000001,0.1718874,-7.76931048,1.0313244000000001,-20.6551359
6.53,653,0.027000000000000003,0.11199999999999999,-0.983,-0.286479,-0.40107059999999994,0.057295800000000015,-7.76931048,1.0313244000000001,-20.6551359
6.54,654,0.027999999999999997,0.11199999999999999,-0.983,-0.3437748,-0.2291832000000001,0.057295800000000015,-7.7750400599999985,1.0255948199999998,-20.6551359
6.55,655,0.028999999999999998,0.113,-0.983,-0.11459160000000004,-0.2291832000000001,0.0,-7.75212174,1.04851314,-20.6551359
