0.01,1,-0.021,-1.009,0.013,-1.8334656000000005,0.8021411999999999,-0.2291832,95.58658314,-3.62682414,2.05118964,0
0.02,2,-0.02,-1.009,0.016,-1.7761698,0.6302538000000001,-0.1718874,95.56366482,-3.62682414,2.05691922,0
0.03,3,-0.02,-1.008,0.018,-1.8334656000000005,0.5156622000000001,-0.0572958,95.54647608,-3.62682414,2.0626488000000003,0
0.04,4,-0.02,-1.008,0.02,-2.0053530000000004,0.4583664000000001,0.0,95.52355776,-3.62682414,2.0626488000000003,0
0.05,5,-0.021,-1.007,0.021,-2.2345362,0.6302538000000001,0.0,95.42042532,-3.59244666,2.09702628,0
0.06,6,-0.024,-1.006,0.02,-2.4637194,0.6875496,0.0,95.39177742,-3.59244666,2.10275586,0
0.07,7,-0.027,-1.005,0.019,-2.5210152000000003,0.6875496,-0.1145916,95.3688591,-3.59244666,2.10848544,0
0.08,8,-0.029,-1.005,0.016,-2.4637194,0.9167328,-0.2291832,95.3402112,-3.59244666,2.1199446,0
0.09,9,-0.029,-1.006,0.015,-2.5210152000000003,1.145916,-0.286479,95.31156330000002,-3.58671708,2.13140376,0
0.1,10,-0.028,-1.005,0.013,-2.3491278,1.145916,-0.286479,95.20270128,-3.5580691799999995,2.1657812400000003,0
0.11,11,-0.026,-1.007,0.012,-2.4064236,1.2032118,-0.4010706,95.17978295999998,-3.5580691799999995,2.1772404,0
0.12,12,-0.025,-1.007,0.01,-2.2345362,0.9167328,-0.286479,95.15686464,-3.5580691799999995,2.18296998,0
0.13,13,-0.024,-1.008,0.016,-2.2345362,0.7448454000000001,-0.286479,95.13394632,-3.5523396000000003,2.19442914,0
0.14,14,-0.023,-1.008,0.014,-2.3491278,0.6302538000000001,-0.1718874,95.10529842,-3.5523396000000003,2.20015872,0
0.15,15,-0.022,-1.008,0.013,-2.4064236,0.286479,-0.0572958,94.97351808,-3.50650296,2.2345362,0
0.16,16,-0.024,-1.007,0.013,-2.6929026,0.1718874,-0.0572958,94.94487018,-3.50650296,2.2345362,0
0.17,17,-0.027,-1.007,0.011,-2.6929026,0.1145916,-0.1718874,94.91622228,-3.50650296,2.2345362,0
0.18,18,-0.029,-1.011,0.011,-2.86479,0.4583664000000001,-0.1718874,94.88757438,-3.50077338,2.24026578,0
0.19,19,-0.029,-1.011,0.0069999999999999,-2.9793816000000004,0.6875496,-0.1718874,94.85892648,-3.50077338,2.24599536,0
0.2,20,-0.028,-1.01,0.0069999999999999,-2.9793816000000004,0.6302538000000001,-0.1718874,94.74433488,-3.47785506,2.2746432600000004,0
0.21,21,-0.028,-1.01,0.008,-3.0366774,0.6302538000000001,-0.1145916,94.71568698,-3.47212548,2.28037284,0
0.22,22,-0.028,-1.01,0.009,-3.2085648,0.6302538000000001,-0.1718874,94.68130949999998,-3.47212548,2.28610242,0
0.23,23,-0.029,-1.01,0.009,-3.5523396000000003,0.8021411999999999,-0.2291832,94.64693201999998,-3.47212548,2.29756158,0
0.24,24,-0.029,-1.01,0.008,-3.666931200000001,1.0313244,-0.286479,94.60682496,-3.47212548,2.30902074,0
0.25,25,-0.03,-1.013,0.01,-3.666931200000001,1.145916,-0.286479,94.51515168,-3.4492071599999994,2.33193906,0
0.26,26,-0.029,-1.013,0.011,-3.9534102,1.3178034,-0.3437748,94.47504462,-3.4492071599999994,2.34339822,0
0.2700000000000001,27,-0.027,-1.013,0.009,-4.1252976000000015,1.432395,-0.286479,94.42920798000002,-3.4492071599999994,2.36058696,0
0.2800000000000001,28,-0.025,-1.011,0.0069999999999999,-4.297185,1.5469866,-0.3437748,94.38910092,-3.44347758,2.37204612,0
0.29,29,-0.025,-1.009,0.006,-4.297185,1.432395,-0.286479,94.34326428,-3.44347758,2.38923486,0
0.3,30,-0.026,-1.007,0.005,-4.4117766,1.3750992,-0.286479,94.24586142,-3.42628884,2.41215318,0
0.31,31,-0.027,-1.008,0.005,-4.4690724,1.4896908000000002,-0.3437748,94.20002478,-3.42628884,2.42934192,0
0.32,32,-0.026,-1.008,0.003,-4.7555514,1.6042823999999998,-0.4010706,94.15418814,-3.42055926,2.44653066,0
0.33,33,-0.028,-1.007,0.003,-4.8701430000000006,1.7188740000000002,-0.3437748,94.10262192,-3.42055926,2.45798982,0
0.3400000000000001,34,-0.029,-1.007,0.001,-4.8701430000000006,1.7761698,-0.4010706,94.0510557,-3.42055926,2.48090814,0
0.3500000000000001,35,-0.028,-1.006,0.001,-4.8701430000000006,1.7761698,-0.4583664000000001,93.95938242,-3.40337052,2.50382646,0
0.3600000000000001,36,-0.028,-1.006,0.0,-4.9274388,1.9480572,-0.4010706,93.9078162,-3.39764094,2.52674478,0
0.3700000000000001,37,-0.027,-1.007,0.0,-4.9847346,2.1199446,-0.4010706,93.85624998,-3.39764094,2.54393352,0
0.38,38,-0.027,-1.007,0.0,-5.0993262,2.2345362,-0.3437748,93.79895417999998,-3.39764094,2.56685184,0
0.39,39,-0.028,-1.009,0.0,-5.2712136,2.3491278,-0.4010706,93.74738796,-3.3919113599999995,2.58977016,0
0.4000000000000001,40,-0.027,-1.01,-0.001,-5.3285094000000015,2.291832,-0.4010706,93.65571468,-3.380452200000001,2.62414764,0
0.4100000000000001,41,-0.026,-1.01,-0.003,-5.5576926,2.2345362,-0.4583664000000001,93.59841887999998,-3.37472262,2.6413363800000003,0
0.4200000000000001,42,-0.025,-1.01,-0.002,-5.7868758000000025,2.1199446,-0.3437748,93.5353935,-3.37472262,2.6642547000000003,0
0.4300000000000001,43,-0.026,-1.011,-0.002,-5.7868758000000025,2.1772404,-0.4010706,93.4780977,-3.37472262,2.68717302,0
0.4400000000000001,44,-0.027,-1.011,-0.006,-5.9014674000000005,2.1199446,-0.3437748,93.41507232,-3.37472262,2.70436176,0
0.45,45,-0.028,-1.012,-0.0069999999999999,-6.130650599999999,2.1199446,-0.4010706,93.31766946,-3.35753388,2.73300966,0
0.4600000000000001,46,-0.029,-1.012,-0.006,-6.2452422,2.1199446,-0.5156622000000001,93.25464408,-3.35753388,2.75592798,0
0.4700000000000001,47,-0.03,-1.011,-0.0069999999999999,-6.417129599999999,2.2345362,-0.6302538000000001,93.18588912,-3.3518043,2.7788463,0
0.4800000000000001,48,-0.028,-1.012,-0.01,-6.5317212,2.4064236,-0.6875496,93.11713416,-3.34607472,2.80176462,0
0.4900000000000001,49,-0.028,-1.013,-0.012,-6.6463128000000005,2.4637194,-0.6302538000000001,93.0483792,-3.34034514,2.82468294,0
0.5000000000000001,50,-0.029,-1.014,-0.014,-6.760904399999999,2.5210152000000003,-0.6302538000000001,92.94524676,-3.32888598,2.85906042,0
0.5100000000000001,51,-0.029,-1.012,-0.013,-6.9327918,2.4637194,-0.6302538000000001,92.8764918,-3.3231564,2.88197874,0
0.5200000000000001,52,-0.026,-1.011,-0.015,-7.161975,2.4637194,-0.6875496,92.80200726,-3.31742682,2.90489706,0
0.5300000000000001,53,-0.024,-1.011,-0.014,-7.5057497999999985,2.4064236,-0.6302538000000001,92.72179314,-3.31742682,2.92781538,0
0.5400000000000001,54,-0.026,-1.009,-0.014,-7.5630456000000015,2.4064236,-0.572958,92.64157902,-3.3116972399999995,2.9507337,0
0.5500000000000002,55,-0.028,-1.012,-0.015,-7.8495246,2.5210152000000003,-0.6302538000000001,92.53844658,-3.30023808,2.98511118,0
0.5600000000000002,56,-0.028,-1.015,-0.014,-8.193299399999999,2.7501984,-0.572958,92.45250288,-3.2945085,3.0080295,0
0.5700000000000001,57,-0.027,-1.013,-0.017,-8.651665800000002,2.6356068,-0.572958,92.36082960000002,-3.2945085,3.0366774000000003,0
0.5800000000000001,58,-0.027,-1.013,-0.02,-8.9954406,2.4637194,-0.4583664000000001,92.26915632,-3.28877892,3.05959572,0
0.5900000000000001,59,-0.026,-1.013,-0.021,-9.3392154,2.3491278,-0.5156622000000001,92.17175346,-3.28877892,3.0825140400000004,0
0.6000000000000001,60,-0.029,-1.013,-0.023,-9.5111028,2.291832,-0.572958,92.05143228,-3.27731976,3.1054323600000004,0
0.6100000000000001,61,-0.029,-1.012,-0.025,-9.6829902,2.3491278,-0.572958,91.95402942,-3.27159018,3.12835068,0
0.6200000000000001,62,-0.029,-1.012,-0.026,-9.7975818,2.3491278,-0.6302538000000001,91.85089698,-3.2658606,3.151269,0
0.6300000000000001,63,-0.027,-1.013,-0.028,-10.0840608,2.3491278,-0.6302538000000001,91.74776454000002,-3.26013102,3.1741873200000006,0
0.6400000000000001,64,-0.026,-1.013,-0.028,-10.2559482,2.4637194,-0.572958,91.63890252,-3.26013102,3.19710564,0
0.6500000000000001,65,-0.026,-1.014,-0.024,-10.7143146,2.6929026,-0.6302538000000001,91.51285176,-3.2486718599999995,3.2314831199999987,0
0.6600000000000001,66,-0.028,-1.014,-0.02,-11.2299768,2.9220858,-0.6302538000000001,91.39253058,-3.24294228,3.26013102,0
0.6700000000000002,67,-0.03,-1.011,-0.021,-11.688343199999998,3.2085648,-0.8021411999999999,91.2722094,-3.2372127,3.28877892,0
0.6800000000000002,68,-0.028,-1.012,-0.028,-11.8602306,3.8961144,-0.7448454000000001,91.15188822,-3.2314831199999987,3.32888598,0
0.6900000000000002,69,-0.027,-1.015,-0.034,-12.0894138,4.1825934,-0.7448454000000001,91.02583746,-3.2257535399999995,3.3689930400000003,0
0.7000000000000002,70,-0.027,-1.016,-0.04,-12.318597,4.010706000000001,-0.7448454000000001,90.88259796,-3.214294380000001,3.4091001000000003,0
0.7100000000000002,71,-0.028,-1.015,-0.043,-12.7196676,3.7815228,-0.8021411999999999,90.75081762,-3.2085648000000004,3.44347758,0
0.7200000000000002,72,-0.028,-1.016,-0.043,-12.891555,3.7815228,-0.7448454000000001,90.6133077,-3.2085648000000004,3.48358464,0
0.7300000000000002,73,-0.027,-1.016,-0.045,-13.0061466,3.7815228,-0.6875496,90.48152736,-3.20283522,3.51796212,0
0.7400000000000001,74,-0.027,-1.013,-0.046,-13.2926256,3.7815228,-0.8594370000000001,90.34401744,-3.19710564,3.5523396000000003,0
0.7500000000000001,75,-0.026,-1.011,-0.046,-13.6936962,3.8388186,-0.8594370000000001,90.18931878,-3.1799169000000003,3.59244666,0
0.7600000000000001,76,-0.024,-1.011,-0.039,-14.4958374,3.9534102,-0.8021411999999999,90.03462012,-3.1741873200000006,3.63255372,0
0.7700000000000001,77,-0.023,-1.01,-0.041,-14.7250206,3.9534102,-0.572958,89.88565104,-3.1741873200000006,3.666931200000001,0
0.7800000000000001,78,-0.025,-1.01,-0.046,-14.7250206,4.010706000000001,-0.4583664000000001,89.73095237999998,-3.16845774,3.70703826,0
0.7900000000000001,79,-0.029,-1.012,-0.05,-14.7250206,4.4690724,-0.4010706,89.5819833,-3.16845774,3.752874900000001,0
0.8000000000000002,80,-0.028,-1.018,-0.054,-15.0687954,4.6982556,-0.3437748,89.4100959,-3.1627281600000003,3.79871154,0
0.8100000000000002,81,-0.028,-1.021,-0.059,-15.6990492,4.4690724,-0.3437748,89.24966766,-3.15699858,3.8388186000000006,0
0.8200000000000002,82,-0.027,-1.021,-0.063,-16.272007199999994,4.1252976000000015,-0.4010706,89.08350984,-3.15699858,3.87892566,0
0.8300000000000002,83,-0.03,-1.018,-0.066,-16.8449652,3.8961144,-0.4583664000000001,88.90589286,-3.151269,3.9190327200000006,0
0.8400000000000002,84,-0.03,-1.016,-0.072,-17.246035799999998,3.724227,-0.6302538000000001,88.72827588,-3.151269,3.9534102,0
0.8500000000000002,85,-0.029,-1.012,-0.071,-17.246035799999998,3.3231564,-0.6875496,88.53919973999999,-3.1398098400000003,3.98778768,0
0.8600000000000002,86,-0.027,-1.01,-0.064,-16.902261,3.666931200000001,-0.8594370000000001,88.36731234,-3.13408026,4.022165159999999,0
0.8700000000000002,87,-0.025,-1.01,-0.053,-16.673077799999998,5.2139178,-0.9167328,88.19542494,-3.1226211000000004,4.0680017999999984,0
0.8800000000000002,88,-0.022,-1.008,-0.045,-16.615782,6.3598338,-0.8021411999999999,88.01780796,-3.11689152,4.131027179999999,0
0.8900000000000001,89,-0.027,-1.007,-0.033,-16.1001198,5.6722842,-0.572958,87.85165014,-3.11116194,4.1825934,0
0.9000000000000001,90,-0.034,-1.011,-0.047,-15.4125702,5.1566220000000005,-0.5156622000000001,87.68549232000002,-3.1054323600000004,4.23415962,0
0.91,91,-0.038,-1.021,-0.073,-16.329303,6.130650599999999,-0.6875496,87.51360492,-3.0997027800000003,4.297185000000002,0
0.9200000000000002,92,-0.035,-1.03,-0.088,-18.3919518,6.990087599999999,-1.2032118,87.32452878000002,-3.0825140400000004,4.36021038,0
0.9300000000000002,93,-0.028,-1.035,-0.093,-19.9389384,6.875496000000001,-1.6042823999999998,87.1182639,-3.07105488,4.42896534,0
0.9400000000000002,94,-0.029,-1.033,-0.094,-21.1421502,6.1879464,-1.6042823999999998,86.89481028,-3.05386614,4.48626114,0
0.9500000000000002,95,-0.028,-1.025,-0.092,-22.0015872,5.443101,-1.432395,86.66562708000002,-3.0366774000000003,4.53782736,0
0.9600000000000002,96,-0.032,-1.018,-0.093,-22.86102420000001,4.7555514,-1.145916,86.42498472,-3.02521824,4.5836640000000015,0
0.9700000000000002,97,-0.031,-1.013,-0.091,-23.777757,4.3544808,-1.145916,86.18434235999996,-3.0137590800000003,4.62377106,0
0.9800000000000002,98,-0.024,-1.002,-0.092,-24.5226024,4.297185,-1.145916,85.93224083999998,-3.00229992,4.65814854,0
0.9900000000000002,99,-0.02,-0.994,-0.085,-25.1528562,4.583664,-0.9740286,85.67440974,-2.99084076,4.703985179999999,0
1.0000000000000002,100,-0.019,-0.987,-0.089,-25.9549974,4.6409598,-0.8594370000000001,85.39938989999997,-2.9793816000000004,4.74409224,0
1.0100000000000002,101,-0.023,-0.992,-0.106,-26.2414764,4.583664,-0.6875496,85.13009964,-2.9736520200000003,4.78992888,0
1.0200000000000002,102,-0.028,-0.999,-0.119,-27.1009134,4.6982556,-0.8021411999999999,84.8550798,-2.96219286,4.83003594,0
1.0300000000000002,103,-0.025,-1.003,-0.13,-28.074942,5.1566220000000005,-1.0886202,84.56860079999998,-2.9507337,4.88160216,0
1.0400000000000005,104,-0.019,-1.001,-0.131,-28.8770832,4.9274388,-1.3178034,84.27066264,-2.93927454,4.921709219999999,0
1.0500000000000005,105,-0.028,-0.994,-0.134,-29.7365202,3.0366774,-1.2605076000000002,83.96126532,-2.9220858,4.95035712,0
1.0600000000000005,106,-0.037,-0.983,-0.116,-30.194886600000004,0.9740286,-1.432395,83.65186800000002,-2.91062664,4.9560867,0
1.0700000000000005,107,-0.038,-0.985,-0.109,-29.9084076,0.4583664000000001,-2.0626488000000003,83.34820026,-2.8934379,4.9560867,0
1.0800000000000003,108,-0.024,-0.987,-0.114,-30.4813656,0.9167328,-2.7501984,83.03880294000002,-2.86479,4.9560867,0
1.0900000000000003,109,-0.017,-0.986,-0.114,-30.9970278,1.8334656000000005,-3.0939732,82.72367604,-2.8361421,4.96754586,0
1.1000000000000003,110,-0.02,-0.991,-0.117,-31.5699858,2.9793816000000004,-3.2085648,82.39708998,-2.80176462,4.99046418,0
1.1100000000000003,111,-0.02,-1.005,-0.136,-32.142943800000005,4.1252976000000015,-3.2085648,82.07050392,-2.76738714,5.02484166,0
1.1200000000000003,112,-0.022,-1.02,-0.152,-33.4607472,4.6982556,-3.4950437999999995,81.72672911999999,-2.73300966,5.06494872,0
1.13,113,-0.027,-1.024,-0.162,-34.4347758,4.7555514,-3.666931200000001,81.37722474,-2.6929026,5.10505578,0
1.14,114,-0.022,-1.02,-0.168,-35.695283399999994,5.5576926,-4.010706000000001,81.01053162,-2.65279554,5.14516284,0
1.15,115,-0.019,-1.002,-0.162,-37.1276784,6.9327918,-4.4690724,80.62664975999998,-2.6012293200000003,5.20818822,0
1.16,116,-0.017,-0.987,-0.158,-37.5860448,7.6203414,-4.5263682,80.2427679,-2.5496631,5.2712136,0
1.1700000000000002,117,-0.013,-0.981,-0.163,-38.0444112,6.703608600000001,-4.4117766,79.85315646,-2.49809688,5.32277982,0
1.1800000000000002,118,-0.009,-0.97,-0.1669999999999999,-38.4454818,5.6149884000000005,-4.3544808,79.45781544,-2.45226024,5.36861646,0
1.1900000000000002,119,-0.009,-0.959,-0.18,-38.4454818,4.8128472,-4.2398892,79.06820400000002,-2.4064236,5.40299394,0
1.2000000000000002,120,-0.006,-0.954,-0.177,-38.7319608,4.4690724,-3.8388186,78.67286298,-2.36058696,5.43737142,0
1.2100000000000002,121,0.0,-0.949,-0.182,-38.8465524,4.297185,-3.2658606,78.27752196,-2.32620948,5.466019319999999,0
1.2200000000000002,122,0.0069999999999999,-0.945,-0.182,-39.3622146,3.0939732,-2.5210152000000003,77.87645136,-2.29756158,5.48893764,0
1.2300000000000002,123,0.009,-0.94,-0.19,-39.5913978,2.0626488000000003,-1.9480572,77.46965118,-2.28037284,5.5003968,0
1.2400000000000002,124,0.008,-0.938,-0.206,-39.820581,1.3178034,-1.6042823999999998,77.06858058,-2.2631841,5.50612638,0
1.2500000000000002,125,0.003,-0.938,-0.199,-40.4508348,0.9167328,-1.7188740000000002,76.65605081999998,-2.24599536,5.50612638,0
1.2600000000000002,126,-0.001,-0.938,-0.202,-40.7946096,0.4583664000000001,-1.6615782,76.24352106,-2.2345362,5.50612638,0
1.2700000000000002,127,-0.003,-0.939,-0.192,-41.252976,0.0572958,-1.432395,75.82526172,-2.22307704,5.5003968,0
1.2800000000000002,128,-0.003,-0.934,-0.178,-41.4248634,0.0572958,-1.0886202,75.4012728,-2.21734746,5.4946672199999975,0
1.2900000000000005,129,-0.008,-0.929,-0.186,-41.0237928,-0.4583664000000001,-0.4583664000000001,74.98874304,-2.21734746,5.48320806,0
1.3000000000000005,130,-0.014,-0.928,-0.214,-41.4248634,-0.8594370000000001,0.0,74.56475412,-2.22307704,5.4717489000000015,0
1.3100000000000005,131,-0.018,-0.931,-0.22,-42.5134836,-0.4010706,-0.0572958,74.13503562,-2.22880662,5.46028974,0
1.3200000000000005,132,-0.023,-0.939,-0.216,-42.7426668,-0.1718874,0.0,73.69958754,-2.2345362,5.45456016,0
1.3300000000000003,133,-0.026,-0.952,-0.211,-43.1437374,-0.1145916,0.1145916,73.26413946,-2.24026578,5.45456016,0
1.3400000000000003,134,-0.024,-0.954,-0.206,-44.34694920000001,-0.1718874,0.6302538000000001,72.81150264,-2.25172494,5.44883058,0
1.3500000000000003,135,-0.018,-0.955,-0.234,-44.977203,0.0572958,1.145916,72.35886581999998,-2.2631841,5.44883058,0
1.3600000000000003,136,-0.016,-0.96,-0.218,-46.7533728,0.4010706,1.4896908000000002,71.88331068,-2.28037284,5.45456016,0
1.3700000000000003,137,-0.018,-0.959,-0.199,-47.9565846,-0.7448454000000001,1.9480572,71.39629638,-2.30902074,5.44883058,1
1.3800000000000003,138,-0.02,-0.955,-0.2,-48.7587258,-1.5469866,2.3491278,70.9035525,-2.34339822,5.43737142,1
1.3900000000000003,139,-0.028,-0.947,-0.203,-50.8786704,-0.9167328,2.9220858,70.38789030000002,-2.3777757,5.4316418399999975,1
1.4000000000000004,140,-0.032,-0.934,-0.197,-51.9099948,0.0,3.151269,69.8722281,-2.41215318,5.43737142,1
1.4100000000000004,141,-0.035,-0.93,-0.209,-52.6548402,1.2032118,3.380452200000001,69.33364758,-2.44653066,5.46028974,1
1.4200000000000004,142,-0.042,-0.921,-0.216,-54.0299394,2.8074942000000003,3.4377480000000005,68.7836079,-2.47517856,5.4946672199999975,1
1.4300000000000004,143,-0.05,-0.909,-0.212,-55.2331512,4.1252976000000015,3.4377480000000005,68.22210906000001,-2.49809688,5.540503859999999,1
1.4400000000000004,144,-0.051,-0.9,-0.219,-56.3790672,5.0993262,3.151269,67.64342148,-2.5210152000000003,5.59207008,1
1.4500000000000004,145,-0.049,-0.887,-0.229,-57.63957480000001,5.2712136,3.151269,67.06473390000001,-2.53820394,5.64936588,1
1.4600000000000002,146,-0.043,-0.872,-0.229,-58.44171600000001,5.1566220000000005,3.380452200000001,66.46885758,-2.55539268,5.70666168,1
1.4700000000000002,147,-0.036,-0.8540000000000001,-0.225,-60.6189564,3.5523396000000003,3.9534102,65.85006294,-2.58404058,5.75249832,1
1.4800000000000002,148,-0.026,-0.8290000000000001,-0.214,-61.9367598,0.8594370000000001,4.583664,65.21980914,-2.62987722,5.77541664,1
1.4900000000000002,149,-0.015,-0.807,-0.201,-61.9367598,0.286479,5.0993262,64.58955533999999,-2.68144344,5.79260538,1
1.5000000000000002,150,0.005,-0.7909999999999999,-0.224,-63.1399716,1.3178034,5.2712136,63.95357196,-2.73300966,5.82125328,1
1.5100000000000002,151,0.009,-0.765,-0.235,-63.311859,-0.1145916,5.844171599999999,63.31185900000001,-2.79030546,5.844171599999999,1
1.5200000000000002,152,-0.021,-0.737,-0.225,-61.9367598,-3.4377480000000005,6.1879464,62.6816052,-2.87051958,5.83844202,1
1.5300000000000002,153,-0.057,-0.711,-0.218,-62.16594300000001,-2.9793816000000004,5.5576926,62.0513514,-2.93927454,5.83271244,1
1.5400000000000005,154,-0.081,-0.6779999999999999,-0.209,-62.2805346,-0.6875496,4.1252976000000015,61.42109760000001,-2.98511118,5.83844202,1
1.5500000000000005,155,-0.09,-0.664,-0.222,-59.24385720000001,1.432395,1.8907614,60.82522128,-3.0080295,5.85563076,1
1.5600000000000005,156,-0.084,-0.654,-0.249,-59.35844880000001,2.1772404,0.1145916,60.2178858,-3.0080295,5.872819499999999,1
1.5700000000000005,157,-0.069,-0.631,-0.26,-59.64492779999999,2.7501984,-0.9740286,59.61055032,-2.99084076,5.89000824,1
1.5800000000000003,158,-0.049,-0.624,-0.281,-57.06661679999999,3.151269,-1.4896908000000002,59.03186274000001,-2.96792244,5.90719698,1
1.5900000000000003,159,-0.036,-0.652,-0.332,-55.6915176,4.297185,-1.6042823999999998,58.46463432,-2.94500412,5.930115299999999,1
1.6000000000000003,160,-0.016,-0.6940000000000001,-0.357,-56.66554620000001,8.651665800000002,-2.0626488000000003,57.89167632,-2.88770832,5.9931406800000016,1
1.6100000000000003,161,0.0,-0.7340000000000001,-0.375,-56.149884,15.183387000000002,-2.4637194,57.31298874,-2.79603504,6.1020027,1
1.6200000000000003,162,0.019,-0.778,-0.426,-56.2644756,19.8816426,-2.9220858,56.72857157999999,-2.67571386,6.25097178,1
1.6300000000000003,163,0.024,-0.802,-0.476,-57.7541664,19.194093,-3.2085648,56.13269526000001,-2.55539268,6.39421128,1
1.6400000000000003,164,0.03,-0.802,-0.531,-57.2958,15.0114996,-2.86479,55.54827810000001,-2.45798982,6.5030733,1
1.6500000000000004,165,0.019,-0.799,-0.562,-55.6342218,9.8548776,-1.6042823999999998,54.9753201,-2.39496444,6.5718282599999975,1
1.6600000000000004,166,0.011,-0.838,-0.539,-53.628868800000006,7.9641161999999985,0.2291832,54.42528042,-2.36058696,6.63485364,1
1.6700000000000004,167,0.028,-1.015,-0.536,-52.3683612,8.9954406,2.9220858,53.89242948,-2.34339822,6.72652692,1
1.6800000000000004,168,0.0069999999999999,-1.269,-0.55,-54.4883058,10.8289062,3.4377480000000005,53.33093064,-2.3147503200000004,6.829659359999999,1
1.6900000000000004,169,-0.061,-1.46,-0.536,-58.2698286,10.7143146,0.2291832,52.73505432,-2.2631841,6.9156030600000005,1
1.7000000000000004,170,-0.123,-1.489,-0.562,-63.3691548,10.8289062,-6.417129599999999,52.09334136,-2.16005166,6.9614397000000015,1
1.7100000000000004,171,-0.109,-1.435,-0.622,-69.0987348,14.2093584,-12.9488508,51.38860301999999,-1.98243468,6.990087599999999,1
1.7200000000000004,172,-0.074,-1.388,-0.654,-73.85428619999998,15.9855282,-15.2979786,50.63802804,-1.78189938,7.018735500000001,1
1.7300000000000004,173,-0.062,-1.348,-0.66,-79.1254998,16.7303736,-12.891555,49.83015725999999,-1.5870936600000003,7.06457214,1
1.7400000000000004,174,-0.051,-1.321,-0.698,-84.22482600000002,17.0168526,-6.417129599999999,48.97072026,-1.44385416,7.15051584,1
1.7500000000000004,175,-0.027,-1.348,-0.687,-87.66257399999998,16.386598799999998,0.0,48.07690578,-1.35218088,7.270837019999999,1
1.7600000000000005,176,-0.017,-1.411,-0.638,-90.6419556,13.980175199999998,4.297185,47.15444340000001,-1.30634424,7.402617360000002,1
1.7700000000000002,177,-0.063,-1.43,-0.603,-95.0537322,11.9748222,6.302537999999998,46.18614438,-1.2891555,7.528668120000002,1
1.7800000000000002,178,-0.118,-1.414,-0.552,-98.6633676,14.266654199999998,5.6149884000000005,45.1777383,-1.24331886,7.671907620000002,1
1.7900000000000005,179,-0.166,-1.376,-0.507,-103.5908064,17.9908812,3.380452200000001,44.12349558,-1.1573751600000002,7.820876699999999,1
1.8000000000000005,180,-0.2,-1.331,-0.47,-108.1171746,21.772404,1.4896908000000002,43.0291458,-1.03705398,7.9813049399999985,1
1.8100000000000005,181,-0.203,-1.281,-0.44,-112.872726,25.78311,0.3437748,41.87750022,-0.87089616,8.158921920000001,1
1.8200000000000005,182,-0.157,-1.238,-0.443,-118.2585312,26.9863218,0.4010706,40.66855884,-0.69327918,8.34226848,1
1.8300000000000003,183,-0.078,-1.178,-0.434,-124.9621398,22.8037284,1.2605076000000002,39.39659208,-0.55003968,8.49696714,1
1.8400000000000003,184,0.006,-1.106,-0.356,-129.25932479999997,19.0795014,1.5469866,38.07878868,-0.43544808,8.634477059999998,1
1.8500000000000003,185,0.094,-1.03,-0.302,-134.7024258,19.7097552,-0.4010706,36.7266078,-0.29793816,8.749068659999999,1
1.8600000000000003,186,0.203,-0.934,-0.307,-141.3487386,19.4232762,-5.1566220000000005,35.28848322,-0.13178034,8.823553200000003,1
1.8700000000000003,187,0.28,-0.8420000000000001,-0.43,-151.6046868,21.4286292,-13.2926256,33.74722620000001,0.0859437,8.84074194,1
1.8800000000000003,188,0.357,-0.773,-0.642,-161.860635,27.1582092,-21.3713334,32.10283674,0.4010706000000001,8.81782362,1
1.8900000000000003,189,0.374,-0.731,-0.716,-174.2938236,26.356068,-27.2728008,30.32666694000001,0.7391158200000001,8.72615034,1
1.9000000000000004,190,0.286,-0.662,-0.8009999999999999,-182.5444188,25.0955604,-28.3041252,28.47028302,1.06570188,8.61155874,1
1.9100000000000004,191,0.099,-0.606,-0.835,-191.2533804,21.6005166,-25.4393352,26.527955400000003,1.3464512999999998,8.49696714,1
1.9200000000000004,192,-0.094,-0.52,-0.725,-196.6391856,15.3552744,-21.2567418,24.522602400000004,1.5469866,8.382375540000002,1
1.9300000000000004,193,-0.281,-0.45,-0.718,-194.4619452,16.501190400000002,-18.334656,22.5458973,1.73606274,8.29070226,1
1.9400000000000004,194,-0.389,-0.373,-0.747,-194.4619452,17.0741484,-17.246035799999998,20.5691922,1.93086846,8.204758559999998,1
1.9500000000000004,195,-0.385,-0.348,-0.675,-189.3053232,14.4385416,-15.9282324,18.64405332,2.07983754,8.11308528,1
1.9600000000000004,196,-0.295,-0.385,-0.588,-184.6643634,17.303331600000003,-13.750992000000002,16.764751080000003,2.2631841,8.044330319999998,1
1.9700000000000004,197,-0.162,-0.42,-0.473,-181.2839112,22.7464326,-11.0007936,14.919826320000002,2.48090814,8.015682420000001,1
1.9800000000000004,198,-0.006,-0.439,-0.395,-174.0646404,24.8090814,-8.4224826,13.1493861,2.71582092,8.00995284,1
1.9900000000000004,199,0.083,-0.417,-0.297,-167.017257,21.8869956,-7.8495246,11.45343042,2.9220858,7.9927641,1
2.0000000000000004,200,0.144,-0.404,-0.177,-161.0584938,18.449247600000003,-9.5111028,9.82050012,3.0997027800000003,7.94692746,1
2.01,201,0.132,-0.321,-0.081,-158.13640800000005,17.0168526,-10.2559482,8.210488139999999,3.2658606,7.889631660000001,1
2.02,202,0.076,-0.198,-0.018,-154.46947680000005,17.246035799999998,-8.9954406,6.640583220000001,3.42628884,7.838065440000001,1
2.03,203,-0.019,-0.096,0.013,-150.1722918,18.7357266,-5.3285094000000015,5.11078536,3.59817624,7.820876699999999,1
2.04,204,-0.12,-0.004,0.06,-146.7918396,21.8869956,-0.4010706,3.62109456,3.79298196,7.8495246,1
2.0500000000000003,205,-0.195,0.063,0.078,-141.9789924,21.3713334,4.010706000000001,2.1772404,3.97632852,7.918279559999997,1
2.06,206,-0.197,0.12,0.069,-135.791046,22.345362,6.6463128000000005,0.8021412000000001,4.1825934,8.00422326,1
2.0700000000000003,207,-0.089,0.217,0.032,-128.8582542,19.0222056,7.5630456000000015,-0.4984734599999999,4.3544808,8.09589654,1
2.08,208,0.065,0.342,0.009,-123.18597,10.3705398,7.2765666,-1.74179232,4.4404245000000016,8.18184024,1
2.0900000000000003,209,0.151,0.454,0.051,-118.9460808,7.8495246,6.3598338,-2.94500412,4.50917946,8.250595200000001,1
2.1,210,0.12,0.57,0.088,-117.2272068,11.2299768,5.6149884000000005,-4.1539455,4.612311900000001,8.319350159999999,1
2.1100000000000003,211,-0.088,0.672,0.069,-110.17982340000002,26.2414764,13.6364004,-5.2654840200000015,4.87587258,8.451130500000001,1
2.12,212,-0.291,0.899,-0.065,-96.9444936,47.0398518,25.2674478,-6.2337830400000005,5.35142772,8.67458412,1
2.1300000000000003,213,-0.348,1.13,-0.308,-76.54718879999999,63.59833800000001,27.1009134,-6.99581718,5.99887026,8.89803774,1
2.14,214,-0.264,1.31,-0.58,-53.285094,68.41118519999999,18.9649098,-7.534397699999999,6.69214944,9.0240885,1
2.1500000000000004,215,-0.184,1.3769999999999998,-0.802,-24.923673,64.8588456,8.078707799999998,-7.80941754,7.333862399999999,9.03554766,1
2.16,216,-0.233,1.3119999999999998,-0.7659999999999999,-5.844171599999999,80.04223259999998,3.9534102,-7.88390208,8.12454444,8.98971102,1
2.1700000000000004,217,-0.284,1.215,-0.935,23.3193906,102.3302988,7.906820400000001,-7.66617804,9.14440968,8.95533354,1
2.18,218,-0.361,0.972,-1.08,64.8588456,103.13244,11.0580894,-7.0244650800000015,10.17573408,8.95533354,1
2.1900000000000004,219,-0.259,0.721,-0.931,100.4395374,110.00793600000002,13.5791046,-6.01032942,11.2872726,8.98398144,1
2.2,220,-0.117,0.583,-0.728,108.6328368,110.12252759999998,15.527161800000002,-4.921709219999999,12.39308154,9.05846598,1
2.2100000000000004,221,0.102,0.5710000000000001,-0.598,101.0697912,96.4288314,17.475219,-3.88465524,13.372839720000002,9.17878716,1
2.22,222,0.546,0.6,-0.6729999999999999,102.6740736,94.3088868,23.777757,-2.80176462,14.32395,9.37932246,1
2.2300000000000004,223,0.7490000000000001,0.613,-0.708,101.413566,91.6159842,31.054323600000004,-1.7074148399999998,15.25787154,9.6829902,1
2.24,224,0.56,0.841,-1.18,98.3768886,78.03687959999998,26.4706596,-0.64744254,16.042824,9.95228046,1
2.25,225,-0.028,1.187,-2.384,138.0255822,49.388979600000006,17.5325148,0.7906820400000001,16.54702704,10.13562702,1
2.26,226,0.286,1.633,-3.006,176.12728919999995,25.3247436,4.1825934,2.58977016,16.8163173,10.18146366,1
2.27,227,0.76,1.976,-3.637,162.0325224,57.4676874,6.3598338,4.25707794,17.39500488,10.2845961,1
2.28,228,2.277,1.818,-3.429,123.47244899999998,78.4379502,33.9764094,5.63217714,18.15130944,10.72004418,1
2.29,229,1.971,0.625,-3.408,67.609044,39.47680620000001,42.398892,6.4686958200000015,18.50081382,11.21278806,2
2.3000000000000003,230,1.773,1.038,-2.677,5.9014674000000005,43.3156248,23.4339822,6.623394479999999,18.90188442,11.52218538,2
2.31,231,2.177,0.6759999999999999,-2.31,33.5753388,87.31879920000002,8.250595200000001,7.0244650800000015,19.74986226,11.73990942,2
2.3200000000000003,232,2.155,-0.433,-2.689,17.761698000000006,59.4157446,40.04976420000001,7.37396946,20.276983620000006,12.25557162,2
2.33,233,1.6909999999999998,-0.472,-2.34,-46.2377106,10.9434978,47.2117392,7.08176088,20.31709068,12.77123382,2
2.3400000000000003,234,1.132,0.025,-1.429,-71.21867940000001,11.172681,18.2773602,6.43431834,20.3973048,12.98322828,2
2.35,235,0.898,0.207,-0.873,-80.04223259999998,29.7365202,-5.6722842,5.59779966,20.70097254,12.96603954,2
2.3600000000000003,236,0.8079999999999999,0.389,-0.73,-83.93834700000002,34.3201842,-8.250595200000001,4.7269035000000015,21.03901776,12.93166206,2
2.37,237,0.711,0.468,-0.691,-79.1254998,21.772404,-5.2712136,3.91330314,21.245282640000006,12.903014159999998,2
2.3800000000000003,238,0.628,0.479,-0.616,-81.4173318,5.844171599999999,0.7448454000000001,3.08824362,21.29684886,12.925932479999997,2
2.39,239,0.523,0.441,-0.5379999999999999,-84.39671340000002,-4.297185,8.7662574,2.26891368,21.23955306,13.02333534,2
2.4000000000000004,240,0.436,0.3670000000000001,-0.478,-78.6671334,-13.8082878,9.5111028,1.4896908000000002,21.09631356,13.11500862,2
2.41,241,0.359,0.316,-0.426,-64.744254,-22.8037284,1.7761698,0.83651868,20.86713036,13.12646778,2
2.4200000000000004,242,0.246,0.341,-0.375,-52.7694318,-22.86102420000001,-9.6829902,0.26929026,20.63221758,13.01760576,2
2.43,243,0.084,0.447,-0.342,-40.2216516,-11.8029348,-14.7823164,-0.18907614,20.5118964,12.8629071,2
2.4400000000000004,244,-0.046,0.534,-0.329,-32.945085,-4.583664,-13.6936962,-0.5729580000000001,20.46033018,12.7196676,2
2.45,245,-0.093,0.56,-0.334,-27.6165756,-1.5469866,-8.250595200000001,-0.93392154,20.4259527,12.62226474,2
2.4600000000000004,246,-0.078,0.487,-0.321,-19.6524594,-1.0313244,-0.9740286,-1.14018642,20.41449354,12.61653516,2
2.47,247,0.02,0.378,-0.335,-10.5424272,0.3437748,5.3858052,-1.22613012,20.41449354,12.67383096,2
2.4800000000000004,248,0.092,0.304,-0.35,-0.6875496,6.016058999999999,10.599723,-1.19748222,20.47751892,12.782692979999998,2
2.49,249,0.147,0.272,-0.422,9.6256944,11.917526400000002,14.8396122,-1.04278356,20.59784010000001,12.94312122,2
2.5000000000000004,250,0.214,0.256,-0.537,19.0795014,14.037471,18.9649098,-0.8021412000000001,20.7410796,13.13792694,2
2.51,251,0.278,0.249,-0.64,28.5333084,10.9434978,22.5745452,-0.42398892,20.8556712,13.3785693,2
2.5200000000000005,252,0.322,0.248,-0.72,34.60666320000001,5.7868758000000025,24.694489800000003,0.01145916,20.91869658,13.642129979999998,2
2.53,253,0.353,0.233,-0.8190000000000001,39.534102,-1.5469866,26.1268848,0.5099326200000001,20.90723742,13.91714982,2
2.5400000000000005,254,0.401,0.195,-0.94,41.825934,-9.3965112,27.2728008,1.03705398,20.81556414,14.197899240000002,2
2.5500000000000003,255,0.49,0.123,-1.083,42.112413,-15.870936600000002,29.1635622,1.56990492,20.6551359,14.4958374,2
2.5600000000000005,256,0.615,0.04,-1.23,40.8519054,-25.0955604,31.51269000000001,2.09702628,20.40303438,14.80523472,2
2.5700000000000003,257,0.7090000000000001,-0.038,-1.3119999999999998,37.1849742,-38.61736920000001,32.31483119999999,2.58977016,20.01342294,15.12036162,2
2.58,258,0.6990000000000001,-0.092,-1.3230000000000002,30.5386614,-52.48295279999999,27.8457588,2.99084076,19.48630158,15.36673356,2
2.5900000000000003,259,0.59,-0.072,-1.284,20.6837838,-59.64492779999999,16.959556799999998,3.2486718599999995,18.89042526,15.492784320000002,2
2.6,260,0.417,-0.058,-1.228,17.5325148,-55.7488134,5.443101,3.4377480000000005,18.33465600000001,15.4985139,2
2.6100000000000003,261,0.282,-0.102,-1.17,17.589810600000003,-46.409598,-2.291832,3.59817624,17.88201918,15.42975894,2
2.62,262,0.268,-0.184,-1.132,15.0687954,-33.403451399999994,-4.9274388,3.7299565800000014,17.561162699999993,15.34381524,2
2.6300000000000003,263,0.298,-0.242,-1.0759999999999998,8.307891,-20.5691922,-5.72958,3.79298196,17.3606274,15.26360112,2
2.64,264,0.386,-0.265,-1.011,0.8594370000000001,-8.307891,-8.3651868,3.77579322,17.286142859999998,15.17192784,2
2.6500000000000004,265,0.44,-0.253,-0.921,-5.2712136,0.0,-13.0061466,3.7299565800000014,17.331979500000006,15.04587708,2
2.66,266,0.424,-0.207,-0.841,-8.651665800000002,2.4637194,-18.2200644,3.5809875,17.36635698,14.85680094,2
2.6700000000000004,267,0.397,-0.156,-0.795,-10.1413566,2.9220858,-23.3766864,3.4091001000000003,17.412193620000004,14.61615858,2
2.68,268,0.3670000000000001,-0.116,-0.784,-9.2819196,2.9793816000000004,-26.1268848,3.2314831199999987,17.45230068,14.34686832,2
2.6900000000000004,269,0.341,-0.091,-0.785,-7.8495246,2.86479,-25.7258142,3.07105488,17.498137319999998,14.08330764,2
2.7,270,0.31,-0.074,-0.7959999999999999,-6.875496000000001,3.3231564,-22.7464326,2.93354496,17.549703540000007,13.85412444,2
2.7100000000000004,271,0.286,-0.058,-0.826,-6.130650599999999,4.1825934,-18.449247600000003,2.81322378,17.59554018,13.6650483,2
2.72,272,0.258,-0.038,-0.862,-5.844171599999999,3.6096354,-13.6936962,2.71009134,17.64137682,13.521808800000002,2
2.7300000000000004,273,0.23,-0.02,-0.904,-5.443101,1.5469866,-8.7662574,2.62414764,17.65856556,13.4358651,2
2.74,274,0.21,0.0,-0.942,-4.7555514,-1.0313244,-3.724227,2.56685184,17.647106400000006,13.39575804,2
2.7500000000000004,275,0.197,0.018,-0.97,-3.2658606,-2.9793816000000004,-0.3437748,2.4350715000000003,17.5038669,13.372839720000002,2
2.76,276,0.191,0.024,-0.999,-1.2032118,-2.86479,1.0886202,2.42934192,17.475219,13.38429888,2
2.7700000000000005,277,0.183,0.026,-1.025,0.8594370000000001,-3.2658606,1.432395,2.44080108,17.44084152,13.39575804,2
2.78,278,0.177,0.023,-1.041,2.291832,-3.9534102,1.0886202,2.46944898,17.40073446,13.40148762,2
2.7900000000000005,279,0.174,0.019,-1.048,3.151269,-4.6982556,0.6875496,2.50382646,17.354897819999998,13.4072172,2
2.8000000000000003,280,0.179,0.02,-1.042,3.3231564,-4.9847346,0.5156622000000001,2.48663772,17.22311748,13.40148762,2
2.8100000000000005,281,0.188,0.032,-1.023,3.0939732,-4.297185,0.7448454000000001,2.51528562,17.18301042,13.40148762,2
2.8200000000000003,282,0.208,0.047,-1.003,2.9793816000000004,-2.9220858,0.8594370000000001,2.5496631,17.15436252,13.412946780000002,2
2.8300000000000005,283,0.226,0.059,-0.986,2.6356068,-1.4896908000000002,0.8021411999999999,2.578311,17.13717378,13.41867636,2
2.8400000000000003,284,0.243,0.059,-0.972,2.291832,-1.2605076000000002,0.2291832,2.6012293200000003,17.12571462,13.41867636,2
2.8500000000000005,285,0.26,0.054,-0.96,1.6615782,-0.8021411999999999,-0.1718874,2.2918320000000003,17.02831176,13.355650979999998,2
2.8600000000000003,286,0.277,0.047,-0.94,0.8021411999999999,0.4010706,-0.7448454000000001,2.29756158,17.02831176,13.3499214,2
2.870000000000001,287,0.292,0.042,-0.925,0.286479,1.7188740000000002,-0.9167328,2.29756158,17.05123008,13.338462239999998,2
2.8800000000000003,288,0.304,0.038,-0.912,0.4010706,2.6929026,-0.9740286,2.29756158,17.0741484,13.33273266,2
2.890000000000001,289,0.319,0.036,-0.899,0.1145916,3.4950437999999995,-1.0313244,2.29756158,17.108525880000002,13.321273499999998,2
2.9000000000000004,290,0.342,0.042,-0.898,0.4583664000000001,4.1825934,-1.145916,2.20015872,17.20592874,13.2926256,2
2.91,291,0.371,0.055,-0.903,0.7448454000000001,4.7555514,-1.432395,2.2058883,17.25749496,13.281166440000002,2
2.9200000000000004,292,0.392,0.073,-0.907,0.4583664000000001,4.8701430000000006,-1.8334656000000005,2.2058883,17.303331600000003,13.263977700000002,2
2.93,293,0.407,0.091,-0.912,0.9167328,3.8961144,-1.8334656000000005,2.21161788,17.34343866,13.246788959999998,2
2.9400000000000004,294,0.415,0.097,-0.908,1.7761698,3.2085648,-1.6042823999999998,2.22307704,17.37781614,13.2353298,2
2.95,295,0.416,0.093,-0.908,2.4064236,3.3231564,-1.145916,2.11421502,17.50959648,13.20095232,2
2.9600000000000004,296,0.412,0.076,-0.916,2.578311,3.5523396000000003,-0.572958,2.13713334,17.54397396,13.19522274,2
2.97,297,0.4,0.057,-0.926,2.291832,2.9220858,0.0572958,2.16005166,17.57262186,13.19522274,2
2.9800000000000004,298,0.382,0.04,-0.933,2.1772404,1.6615782,0.8021411999999999,2.18296998,17.589810600000003,13.2066819,2
2.99,299,0.364,0.025,-0.941,2.4064236,0.572958,1.8907614,2.21734746,17.59554018,13.22960022,2
3.0000000000000004,300,0.351,0.018,-0.951,2.3491278,-0.1718874,2.4637194,2.1657812400000003,17.62418808,13.2353298,2
3.01,301,0.336,0.012,-0.961,1.7761698,-1.3750992,2.7501984,2.19442914,17.606999339999994,13.263977700000002,2
3.0200000000000005,302,0.32,0.008,-0.965,0.7448454000000001,-2.7501984,2.9220858,2.21161788,17.57835144,13.2926256,2
3.03,303,0.303,0.006,-0.966,0.0,-3.724227,2.8074942000000003,2.22307704,17.538244380000002,13.321273499999998,2
3.0400000000000005,304,0.287,0.006,-0.967,-0.4583664000000001,-3.8961144,2.578311,2.22307704,17.498137319999998,13.34419182,2
3.0500000000000003,305,0.271,0.004,-0.963,-0.6875496,-3.8388186,2.2345362,2.16005166,17.4179232,13.3499214,2
3.0600000000000005,306,0.26,0.002,-0.959,-0.5156622000000001,-3.4377480000000005,1.8907614,2.16005166,17.383545719999994,13.36711014,2
3.0700000000000003,307,0.255,0.0,-0.952,-0.5156622000000001,-2.4064236,1.2605076000000002,2.16005166,17.3606274,13.38429888,2
3.0800000000000005,308,0.252,-0.003,-0.948,-0.4010706,-1.3178034,0.5156622000000001,2.15432208,17.34343866,13.38429888,2
3.0900000000000003,309,0.255,-0.006,-0.947,-0.286479,0.1145916,-0.4010706,2.1485925000000003,17.34916824,13.38429888,2
3.1000000000000005,310,0.264,-0.008,-0.945,-0.1145916,1.6042823999999998,-1.3750992,2.06837838,17.30906118,13.355650979999998,2
3.1100000000000003,311,0.276,-0.008,-0.941,0.0,2.578311,-2.0626488000000003,2.0626488000000003,17.33770908,13.33273266,2
3.120000000000001,312,0.291,-0.0069999999999999,-0.934,0.1718874,2.8074942000000003,-2.6929026,2.05691922,17.36635698,13.30981434,2
3.1300000000000003,313,0.306,-0.003,-0.935,0.286479,2.6929026,-3.0366774,2.05118964,17.39500488,13.275436860000005,2
3.140000000000001,314,0.316,0.001,-0.938,0.5156622000000001,2.291832,-3.151269,2.04546006,17.4179232,13.246788959999998,2
3.1500000000000004,315,0.324,0.008,-0.939,0.8594370000000001,1.4896908000000002,-3.2085648,1.96524594,17.45230068,13.19522274,2
3.1600000000000006,316,0.324,0.012,-0.939,0.9740286,0.8021411999999999,-3.0939732,1.96524594,17.46375984,13.16657484,2
3.1700000000000004,317,0.325,0.016,-0.94,1.0886202,0.1718874,-2.8074942000000003,1.97097552,17.46375984,13.13792694,2
3.1800000000000006,318,0.324,0.018,-0.943,1.145916,-0.5156622000000001,-2.4637194,1.97097552,17.46375984,13.10927904,2
3.1900000000000004,319,0.322,0.02,-0.945,1.2032118,-1.145916,-2.0626488000000003,1.9767051,17.45230068,13.086360719999998,2
3.2000000000000006,320,0.321,0.022,-0.946,1.0886202,-1.432395,-1.7188740000000002,1.87357266,17.45230068,13.04625366,2
3.2100000000000004,321,0.319,0.023,-0.945,0.9167328,-1.4896908000000002,-1.432395,1.87930224,17.44084152,13.02906492,2
3.22,322,0.316,0.027,-0.946,0.8021411999999999,-1.6615782,-1.0313244,1.88503182,17.42365278,13.01760576,2
3.2300000000000004,323,0.312,0.03,-0.946,0.9740286,-1.8334656000000005,-0.8021411999999999,1.8907614,17.40646404,13.0061466,2
3.24,324,0.311,0.034,-0.947,1.145916,-1.5469866,-0.5156622000000001,1.90222056,17.3892753,13.00041702,2
3.2500000000000004,325,0.31,0.034,-0.946,1.145916,-1.2605076000000002,-0.2291832,1.6902260999999998,17.383545719999994,12.9488508,2
3.26,326,0.305,0.035,-0.945,0.9740286,-1.0313244,-0.0572958,1.6959556799999995,17.37208656,12.9488508,2
3.2700000000000005,327,0.301,0.036,-0.944,1.145916,-0.5156622000000001,0.0,1.71314442,17.36635698,12.9488508,2
3.28,328,0.299,0.033,-0.946,1.2605076000000002,-0.1718874,0.0,1.7246035799999997,17.36635698,12.9488508,2
3.2900000000000005,329,0.299,0.029,-0.947,1.2032118,0.3437748,0.0,1.73606274,17.37208656,12.9488508,2
3.3000000000000003,330,0.297,0.026,-0.948,0.9740286,0.8021411999999999,-0.0572958,1.51260912,17.34916824,12.903014159999998,2
3.3100000000000005,331,0.297,0.022,-0.948,0.8594370000000001,0.9740286,-0.1718874,1.52406828,17.3606274,12.903014159999998,2
3.3200000000000003,332,0.295,0.018,-0.946,0.572958,1.145916,-0.4010706,1.52979786,17.37208656,12.89728458,2
3.3300000000000005,333,0.293,0.016,-0.947,0.5156622000000001,1.3178034,-0.572958,1.52979786,17.3892753,12.891555,2
3.3400000000000003,334,0.294,0.015,-0.95,0.1145916,1.4896908000000002,-0.7448454000000001,1.52979786,17.40073446,12.88582542,2
3.3500000000000005,335,0.295,0.015,-0.951,-0.0572958,1.6042823999999998,-0.8021411999999999,1.3579104599999998,17.3892753,12.839988780000002,2
3.3600000000000003,336,0.294,0.014,-0.95,-0.1145916,1.3178034,-0.8594370000000001,1.35218088,17.40073446,12.834259200000002,2
3.370000000000001,337,0.292,0.014,-0.947,-0.0572958,1.0886202,-0.8594370000000001,1.35218088,17.412193620000004,12.82280004,2
3.3800000000000003,338,0.294,0.013,-0.946,0.1145916,1.145916,-0.8021411999999999,1.35218088,17.42365278,12.81707046,2
3.390000000000001,339,0.294,0.011,-0.945,0.286479,1.3178034,-0.8021411999999999,1.35218088,17.44084152,12.81134088,2
3.4000000000000004,340,0.294,0.008,-0.944,0.1718874,1.3178034,-0.8021411999999999,1.21467096,17.42365278,12.77123382,2
3.4100000000000006,341,0.298,0.01,-0.941,0.1718874,1.3178034,-0.8594370000000001,1.21467096,17.435111940000002,12.765504240000002,2
3.4200000000000004,342,0.301,0.01,-0.943,0.286479,1.4896908000000002,-0.8021411999999999,1.21467096,17.45230068,12.75404508,2
3.4300000000000006,343,0.304,0.011,-0.946,0.5156622000000001,1.3750992,-0.7448454000000001,1.21467096,17.46948942,12.7483155,2
3.4400000000000004,344,0.308,0.012,-0.948,0.6875496,1.2032118,-0.6875496,1.22040054,17.48094858,12.74258592,2
3.4500000000000006,345,0.308,0.01,-0.95,0.6302538000000001,1.2032118,-0.572958,1.09434978,17.492407739999994,12.70820844,2
3.4600000000000004,346,0.31,0.011,-0.949,0.4010706,1.0886202,-0.572958,1.10007936,17.5038669,12.70247886,2
3.4700000000000006,347,0.311,0.012,-0.947,0.2291832,0.9740286,-0.7448454000000001,1.10007936,17.50959648,12.696749280000002,2
3.4800000000000004,348,0.31,0.013,-0.945,0.2291832,0.9740286,-0.6875496,1.10007936,17.52105564,12.691019699999998,2
3.4900000000000007,349,0.309,0.015,-0.945,0.3437748,1.0313244,-0.7448454000000001,1.10007936,17.5325148,12.67956054,2
3.5000000000000004,350,0.309,0.016,-0.945,0.5156622000000001,0.9167328,-0.7448454000000001,0.95111028,17.538244380000002,12.63945348,2
3.5100000000000007,351,0.309,0.016,-0.946,0.5156622000000001,0.9740286,-0.8021411999999999,0.95111028,17.549703540000007,12.6337239,2
3.5200000000000005,352,0.309,0.015,-0.945,0.4010706,1.0886202,-0.8021411999999999,0.95683986,17.561162699999993,12.62226474,2
3.53,353,0.309,0.016,-0.946,0.286479,1.0313244,-0.8021411999999999,0.95683986,17.57262186,12.61653516,2
3.5400000000000005,354,0.308,0.017,-0.945,0.286479,0.9167328,-0.8594370000000001,0.95683986,17.57835144,12.605076,2
3.5500000000000003,355,0.306,0.019,-0.946,0.2291832,0.9167328,-0.8021411999999999,0.7906820400000001,17.57835144,12.56496894,2
3.5600000000000005,356,0.306,0.021,-0.946,0.2291832,0.9167328,-0.8021411999999999,0.7906820400000001,17.589810600000003,12.55350978,2
3.5700000000000003,357,0.307,0.021,-0.948,0.1145916,0.9167328,-0.8594370000000001,0.7906820400000001,17.60126976,12.5477802,2
3.5800000000000005,358,0.307,0.021,-0.95,0.1145916,0.6875496,-0.8021411999999999,0.7906820400000001,17.606999339999994,12.53632104,2
3.5900000000000003,359,0.305,0.021,-0.951,0.1718874,0.286479,-0.8021411999999999,0.7906820400000001,17.606999339999994,12.53059146,2
3.6000000000000005,360,0.304,0.019,-0.952,0.1145916,0.0,-0.9167328,0.52139178,17.57262186,12.4618365,2
3.61,361,0.302,0.019,-0.952,0.1718874,-0.0572958,-0.9167328,0.52139178,17.566892279999998,12.45610692,2
3.620000000000001,362,0.301,0.019,-0.952,0.2291832,0.0,-0.9740286,0.52139178,17.57262186,12.44464776,2
3.63,363,0.301,0.019,-0.954,0.3437748,0.0,-0.8594370000000001,0.52139178,17.57262186,12.4331886,2
3.640000000000001,364,0.3,0.017,-0.953,0.4010706,-0.0572958,-0.8021411999999999,0.52139178,17.566892279999998,12.42745902,2
3.65,365,0.301,0.016,-0.952,0.3437748,0.0,-0.8021411999999999,0.30366774,17.538244380000002,12.370163219999998,2
3.6600000000000006,366,0.301,0.014,-0.95,0.2291832,-0.0572958,-0.6302538000000001,0.30366774,17.5325148,12.36443364,2
3.67,367,0.301,0.014,-0.952,0.1145916,0.0,-0.6302538000000001,0.30366774,17.5325148,12.35297448,2
3.6800000000000006,368,0.299,0.015,-0.951,0.1718874,0.1718874,-0.6302538000000001,0.30366774,17.538244380000002,12.347244899999998,2
3.69,369,0.298,0.016,-0.952,0.286479,0.286479,-0.6302538000000001,0.30366774,17.538244380000002,12.34151532,2
3.7000000000000006,370,0.295,0.016,-0.951,0.3437748,0.286479,-0.7448454000000001,0.1260507599999999,17.48094858,12.295678679999998,2
3.71,371,0.294,0.016,-0.949,0.286479,0.4010706,-0.8021411999999999,0.1260507599999999,17.48667816,12.28421952,2
3.7200000000000006,372,0.294,0.015,-0.949,0.286479,0.572958,-0.8021411999999999,0.13178034,17.492407739999994,12.278489939999998,2
3.73,373,0.296,0.016,-0.947,0.286479,0.572958,-0.8021411999999999,0.13178034,17.498137319999998,12.26703078,2
3.7400000000000007,374,0.297,0.015,-0.944,0.286479,0.4583664000000001,-0.7448454000000001,0.13178034,17.5038669,12.261301200000002,2
3.75,375,0.297,0.015,-0.939,0.1145916,0.5156622000000001,-0.6875496,-0.00572958,17.48094858,12.22119414,2
3.7600000000000007,376,0.297,0.016,-0.939,0.0572958,0.8021411999999999,-0.7448454000000001,-0.00572958,17.48667816,12.21546456,2
3.770000000000001,377,0.299,0.017,-0.941,0.0572958,0.8594370000000001,-0.8021411999999999,-0.00572958,17.498137319999998,12.20973498,2
3.7800000000000007,378,0.301,0.015,-0.941,0.1145916,0.8021411999999999,-0.8021411999999999,-0.00572958,17.5038669,12.19827582,2
3.790000000000001,379,0.304,0.011,-0.94,0.1718874,0.8021411999999999,-0.6302538000000001,-0.00572958,17.50959648,12.19254624,2
3.8000000000000007,380,0.304,0.008,-0.942,0.0572958,0.7448454000000001,-0.572958,-0.1145916,17.50959648,12.16389834,2
3.810000000000001,381,0.305,0.0069999999999999,-0.945,0.0572958,0.6875496,-0.4010706,-0.1145916,17.51532606,12.15816876,2
3.8200000000000007,382,0.307,0.009,-0.947,0.1718874,0.5156622000000001,-0.4010706,-0.1145916,17.52105564,12.15243918,2
3.830000000000001,383,0.307,0.01,-0.949,0.2291832,0.4583664000000001,-0.3437748,-0.1145916,17.52678522,12.15243918,2
3.8400000000000007,384,0.306,0.011,-0.949,0.1718874,0.3437748,-0.2291832,-0.10886202,17.5325148,12.1467096,2
3.850000000000001,385,0.305,0.012,-0.951,0.1145916,0.3437748,-0.2291832,-0.32658606,17.492407739999994,12.10087296,2
3.86,386,0.303,0.014,-0.952,0.1145916,0.1145916,-0.3437748,-0.32658606,17.498137319999998,12.09514338,2
3.870000000000001,387,0.3,0.017,-0.953,0.0572958,-0.1718874,0.0572958,-0.32658606,17.492407739999994,12.09514338,2
3.88,388,0.298,0.018,-0.95,0.1718874,-0.2291832,0.1145916,-0.32658606,17.492407739999994,12.09514338,2
3.890000000000001,389,0.296,0.019,-0.947,0.1718874,-0.0572958,0.0572958,-0.32085648,17.492407739999994,12.09514338,2
3.9,390,0.296,0.017,-0.944,0.1145916,0.0572958,0.0,-0.66463128,17.39500488,12.02065884,2
3.9100000000000006,391,0.296,0.016,-0.943,-0.0572958,0.1145916,0.0,-0.66463128,17.39500488,12.02065884,2
3.92,392,0.298,0.015,-0.943,-0.0572958,0.0572958,0.0,-0.6703608600000001,17.39500488,12.02065884,2
3.9300000000000006,393,0.299,0.017,-0.945,-0.0572958,0.0,0.0,-0.6703608600000001,17.39500488,12.02065884,2
3.94,394,0.3,0.018,-0.948,0.0572958,0.0572958,0.0,-0.6703608600000001,17.39500488,12.02065884,2
3.9500000000000006,395,0.299,0.019,-0.948,0.1718874,0.0,-0.0572958,-0.90527364,17.331979500000006,11.96909262,2
3.96,396,0.298,0.019,-0.948,0.1718874,-0.0572958,-0.0572958,-0.90527364,17.331979500000006,11.96336304,2
3.9700000000000006,397,0.299,0.018,-0.949,0.1718874,0.0,-0.0572958,-0.90527364,17.326249920000002,11.96336304,2
3.98,398,0.298,0.016,-0.949,0.1145916,-0.0572958,-0.0572958,-0.89954406,17.326249920000002,11.96336304,2
3.9900000000000007,399,0.298,0.015,-0.95,0.286479,-0.2291832,-0.0572958,-0.89954406,17.326249920000002,11.96336304,2
4.000000000000001,400,0.296,0.016,-0.95,0.4010706,-0.4583664000000001,-0.0572958,-0.96256944,17.29187244,11.9461743,2
4.010000000000001,401,0.294,0.012,-0.947,0.4583664000000001,-0.4583664000000001,0.0,-0.95683986,17.286142859999998,11.9461743,2
4.0200000000000005,402,0.294,0.01,-0.946,0.1718874,-0.0572958,-0.1145916,-0.95683986,17.286142859999998,11.9461743,2
4.03,403,0.293,0.011,-0.947,0.0,0.0,-0.1145916,-0.95683986,17.286142859999998,11.9461743,2
4.040000000000001,404,0.295,0.012,-0.946,0.0,0.0,-0.0572958,-0.95683986,17.286142859999998,11.94044472,2
4.050000000000001,405,0.294,0.011,-0.944,0.0572958,0.0572958,0.0,-1.13445684,17.188740000000006,11.90033766,2
4.0600000000000005,406,0.294,0.011,-0.942,0.0,0.1718874,0.0,-1.13445684,17.19446958,11.90033766,2
4.07,407,0.292,0.01,-0.942,-0.0572958,0.4010706,0.0572958,-1.13445684,17.19446958,11.90606724,2
4.080000000000001,408,0.296,0.009,-0.943,-0.0572958,0.6302538000000001,0.1145916,-1.13445684,17.20592874,11.90606724,2
4.090000000000001,409,0.298,0.008,-0.945,-0.0572958,0.7448454000000001,0.2291832,-1.13445684,17.21165832,11.90606724,2
4.1000000000000005,410,0.299,0.01,-0.946,-0.0572958,0.572958,0.286479,-1.18602306,17.20019916,11.90033766,2
4.11,411,0.301,0.009,-0.949,0.0,0.572958,0.4010706,-1.18029348,17.20592874,11.90606724,2
4.120000000000001,412,0.299,0.009,-0.949,0.0,0.4583664000000001,0.4583664000000001,-1.18029348,17.21165832,11.91179682,2
4.130000000000001,413,0.298,0.011,-0.95,0.0572958,0.4010706,0.4583664000000001,-1.18029348,17.2173879,11.917526400000002,2
4.140000000000001,414,0.297,0.011,-0.95,0.1718874,0.4583664000000001,0.5156622000000001,-1.1745639,17.22311748,11.92325598,2
4.15,415,0.299,0.011,-0.949,0.1145916,0.4010706,0.572958,-1.22613012,17.21165832,11.91179682,2
4.160000000000001,416,0.299,0.013,-0.948,0.0,0.1718874,0.572958,-1.22613012,17.21165832,11.92325598,2
4.170000000000001,417,0.299,0.014,-0.945,-0.1145916,0.0572958,0.4583664000000001,-1.22613012,17.2173879,11.92325598,2
4.180000000000001,418,0.297,0.016,-0.944,-0.1145916,-0.1145916,0.1718874,-1.22613012,17.21165832,11.92898556,2
4.19,419,0.297,0.016,-0.946,0.0,-0.1145916,0.0572958,-1.22613012,17.21165832,11.92898556,2
4.2,420,0.297,0.015,-0.947,0.0,0.0,0.0,-1.6787669399999998,17.0455005,11.82585312,2
4.210000000000001,421,0.297,0.014,-0.948,0.0,0.0572958,-0.0572958,-1.6787669399999998,17.0455005,11.82585312,2
4.220000000000001,422,0.297,0.012,-0.949,0.0,0.0,0.0,-1.6787669399999998,17.0455005,11.82585312,2
4.23,423,0.297,0.013,-0.948,0.0,-0.1145916,-0.0572958,-1.6787669399999998,17.0455005,11.82585312,2
4.24,424,0.297,0.013,-0.949,-0.1145916,-0.0572958,-0.0572958,-1.6787669399999998,17.0455005,11.82585312,2
4.250000000000001,425,0.298,0.014,-0.949,-0.1145916,-0.2291832,-0.0572958,-1.71314442,17.02258218,11.81439396,2
4.260000000000001,426,0.296,0.014,-0.947,-0.1718874,-0.3437748,-0.1718874,-1.71314442,17.02258218,11.81439396,2
4.2700000000000005,427,0.294,0.014,-0.948,-0.1145916,-0.286479,-0.2291832,-1.7188740000000002,17.0168526,11.80866438,2
4.28,428,0.294,0.015,-0.947,-0.0572958,-0.1145916,-0.286479,-1.7188740000000002,17.0168526,11.80866438,2
4.290000000000001,429,0.294,0.013,-0.948,-0.0572958,0.0,-0.3437748,-1.7246035799999997,17.0168526,11.8029348,2
4.300000000000001,430,0.294,0.012,-0.948,-0.0572958,0.0,-0.2291832,-1.75325148,16.98247512,11.791475639999998,2
4.3100000000000005,431,0.294,0.011,-0.948,-0.1718874,0.0,-0.2291832,-1.75325148,16.98247512,11.791475639999998,2
4.32,432,0.295,0.009,-0.947,-0.1145916,-0.2291832,-0.1718874,-1.75898106,16.976745540000003,11.791475639999998,2
4.330000000000001,433,0.294,0.009,-0.947,-0.1145916,-0.2291832,-0.1718874,-1.75898106,16.976745540000003,11.78574606,2
4.340000000000001,434,0.292,0.01,-0.947,-0.1718874,-0.1718874,-0.1718874,-1.76471064,16.97101596,11.78574606,2
4.3500000000000005,435,0.293,0.009,-0.948,-0.1718874,0.0,-0.1145916,-1.7761698,16.94236806,11.78001648,2
4.36,436,0.292,0.012,-0.952,0.0,0.0,-0.1145916,-1.78189938,16.94236806,11.78001648,2
4.370000000000001,437,0.29,0.012,-0.95,-0.0572958,0.0572958,-0.1145916,-1.78189938,16.94236806,11.774286900000002,2
4.380000000000001,438,0.289,0.012,-0.951,-0.0572958,0.4010706,-0.1718874,-1.78189938,16.94809764,11.774286900000002,2
4.390000000000001,439,0.29,0.011,-0.951,-0.0572958,0.2291832,-0.1145916,-1.78189938,16.94809764,11.774286900000002,2
4.4,440,0.29,0.011,-0.948,-0.2291832,0.0,-0.1145916,-1.81627686,16.902261000000006,11.76282774,2
4.410000000000001,441,0.292,0.009,-0.941,-0.3437748,0.0,-0.1145916,-1.82200644,16.902261000000006,11.76282774,2
4.420000000000001,442,0.29,0.009,-0.94,-0.6302538000000001,0.0572958,-0.1718874,-1.82773602,16.902261000000006,11.75709816,2
4.430000000000001,443,0.29,0.011,-0.941,-0.6302538000000001,0.2291832,-0.286479,-1.8334656000000005,16.902261000000006,11.75709816,2
4.44,444,0.292,0.01,-0.945,-0.4010706,0.286479,-0.1718874,-1.83919518,16.90799058,11.75136858,2
4.450000000000001,445,0.294,0.01,-0.946,-0.1718874,0.286479,-0.0572958,-1.83919518,16.89653142,11.75136858,2
4.460000000000001,446,0.296,0.0069999999999999,-0.945,-0.2291832,0.4583664000000001,0.0,-1.84492476,16.902261000000006,11.75136858,2
4.470000000000001,447,0.296,0.005,-0.945,-0.4583664000000001,0.4583664000000001,0.0,-1.85065434,16.90799058,11.75136858,2
4.48,448,0.297,0.008,-0.95,-0.4583664000000001,0.1718874,0.0572958,-1.85638392,16.90799058,11.75136858,2
4.49,449,0.299,0.011,-0.953,-0.2291832,0.0,0.1718874,-1.85638392,16.90799058,11.75136858,2
4.500000000000001,450,0.296,0.013,-0.954,0.0,0.0,0.1718874,-1.87930224,16.87934268,11.75136858,2
4.510000000000001,451,0.293,0.013,-0.953,0.0572958,0.0572958,0.1145916,-1.87930224,16.87934268,11.75136858,2
4.5200000000000005,452,0.292,0.011,-0.953,0.0,0.1718874,0.0,-1.87930224,16.87934268,11.75136858,2
4.53,453,0.29,0.012,-0.951,-0.1718874,0.0572958,0.0,-1.87930224,16.88507226,11.75136858,2
4.540000000000001,454,0.29,0.014,-0.949,-0.286479,0.0,-0.0572958,-1.88503182,16.88507226,11.75136858,2
4.550000000000001,455,0.291,0.014,-0.946,-0.2291832,0.1718874,-0.1718874,-1.90795014,16.873613100000004,11.745639,2
4.5600000000000005,456,0.292,0.016,-0.945,-0.1718874,0.4010706,-0.0572958,-1.90795014,16.87934268,11.745639,2
4.57,457,0.294,0.017,-0.945,-0.0572958,0.4010706,0.0,-1.90795014,16.87934268,11.73990942,2
4.580000000000001,458,0.294,0.016,-0.945,0.0,0.3437748,0.0,-1.90795014,16.88507226,11.745639,2
4.590000000000001,459,0.292,0.016,-0.944,0.0,0.1145916,0.0,-1.90795014,16.88507226,11.745639,2
4.6000000000000005,460,0.291,0.018,-0.944,0.0,0.1145916,-0.0572958,-1.9480572000000005,16.844965199999994,11.73417984,2
4.61,461,0.29,0.017,-0.943,0.1718874,0.286479,-0.0572958,-1.94232762,16.850694779999998,11.73417984,2
4.620000000000001,462,0.289,0.016,-0.943,0.2291832,0.4583664000000001,-0.0572958,-1.94232762,16.85642436,11.72845026,2
4.630000000000001,463,0.288,0.014,-0.944,0.3437748,0.572958,0.0,-1.93659804,16.86215394,11.72845026,2
4.640000000000001,464,0.289,0.013,-0.942,0.3437748,0.4583664000000001,0.0,-1.93659804,16.86215394,11.72845026,2
4.65,465,0.288,0.011,-0.943,0.3437748,0.4583664000000001,-0.0572958,-1.93086846,16.850694779999998,11.72845026,2
4.660000000000001,466,0.287,0.008,-0.944,0.3437748,0.5156622000000001,0.0,-1.93086846,16.85642436,11.72845026,2
4.670000000000001,467,0.288,0.0069999999999999,-0.944,0.4010706,0.8021411999999999,0.0572958,-1.92513888,16.86215394,11.72845026,2
4.680000000000001,468,0.292,0.0069999999999999,-0.947,0.1718874,0.8594370000000001,0.0572958,-1.9194093000000003,16.873613100000004,11.72845026,2
4.69,469,0.293,0.0069999999999999,-0.947,0.1145916,0.4583664000000001,0.1145916,-1.9194093000000003,16.87934268,11.73417984,2
4.700000000000001,470,0.294,0.005,-0.948,0.0572958,0.1145916,0.0,-1.88503182,16.83923562,11.73990942,2
4.710000000000001,471,0.293,0.005,-0.946,0.0,0.0,0.0572958,-1.88503182,16.83923562,11.73990942,2
4.720000000000001,472,0.292,0.006,-0.947,0.0,0.0,0.0,-1.88503182,16.83923562,11.73990942,2
4.73,473,0.293,0.006,-0.949,-0.0572958,0.1718874,0.0,-1.88503182,16.844965199999994,11.73990942,2
4.740000000000001,474,0.291,0.0069999999999999,-0.951,-0.1145916,0.1718874,-0.0572958,-1.8907614,16.844965199999994,11.73990942,2
4.750000000000001,475,0.292,0.0069999999999999,-0.95,-0.1718874,0.3437748,-0.0572958,-1.88503182,16.83350604,11.73990942,2
4.760000000000001,476,0.294,0.008,-0.95,-0.1718874,0.4010706,-0.1145916,-1.88503182,16.83350604,11.73417984,2
4.7700000000000005,477,0.294,0.01,-0.951,-0.0572958,0.572958,-0.1145916,-1.88503182,16.83923562,11.73417984,2
4.780000000000001,478,0.295,0.01,-0.951,0.0,0.572958,-0.0572958,-1.88503182,16.844965199999994,11.73417984,2
4.790000000000001,479,0.295,0.013,-0.949,0.0,0.4583664000000001,-0.0572958,-1.88503182,16.850694779999998,11.73417984,2
4.800000000000001,480,0.295,0.012,-0.948,-0.1718874,0.4583664000000001,-0.1145916,-1.90222056,16.850694779999998,11.72845026,2
4.8100000000000005,481,0.294,0.014,-0.948,-0.3437748,0.3437748,0.0,-1.90795014,16.850694779999998,11.72845026,2
4.82,482,0.295,0.016,-0.948,-0.2291832,0.2291832,-0.0572958,-1.90795014,16.85642436,11.72845026,2
4.830000000000001,483,0.294,0.016,-0.947,-0.1145916,0.1718874,-0.1718874,-1.91367972,16.85642436,11.722720679999998,2
4.840000000000001,484,0.294,0.016,-0.947,-0.0572958,0.1718874,-0.0572958,-1.91367972,16.85642436,11.722720679999998,2
4.8500000000000005,485,0.295,0.016,-0.947,-0.0572958,0.0,-0.1145916,-1.94232762,16.850694779999998,11.7169911,2
4.86,486,0.296,0.016,-0.947,-0.1145916,0.0,-0.1718874,-1.9480572000000005,16.850694779999998,11.71126152,2
4.870000000000001,487,0.296,0.015,-0.95,0.0,0.0,-0.1145916,-1.9480572000000005,16.850694779999998,11.71126152,2
4.880000000000001,488,0.296,0.015,-0.95,0.0572958,0.0,-0.1145916,-1.9480572000000005,16.844965199999994,11.71126152,2
4.890000000000001,489,0.295,0.015,-0.949,0.1145916,-0.1718874,-0.1145916,-1.94232762,16.844965199999994,11.71126152,2
4.9,490,0.295,0.013,-0.948,0.2291832,-0.4010706,-0.0572958,-1.9480572000000005,16.83923562,11.70553194,2
4.910000000000001,491,0.295,0.012,-0.948,0.1145916,-0.5156622000000001,-0.1145916,-1.9480572000000005,16.83350604,11.70553194,2
4.920000000000001,492,0.294,0.012,-0.947,0.0,-0.4010706,-0.1145916,-1.9480572000000005,16.82777646,11.70553194,2
4.930000000000001,493,0.294,0.012,-0.948,0.1145916,-0.3437748,-0.0572958,-1.9480572000000005,16.82204688,11.699802359999998,2
4.94,494,0.293,0.01,-0.948,0.0572958,-0.4010706,-0.1145916,-1.9480572000000005,16.82204688,11.699802359999998,2
4.950000000000001,495,0.292,0.01,-0.949,0.0,-0.3437748,-0.1145916,-1.9480572000000005,16.79339898,11.699802359999998,2
4.960000000000001,496,0.291,0.01,-0.948,0.0,-0.286479,-0.0572958,-1.9480572000000005,16.787669400000002,11.699802359999998,2
4.970000000000001,497,0.291,0.01,-0.948,0.0572958,-0.286479,-0.1145916,-1.9480572000000005,16.787669400000002,11.69407278,2
4.98,498,0.291,0.009,-0.948,0.0,-0.2291832,-0.1145916,-1.9480572000000005,16.781939819999998,11.69407278,2
4.990000000000001,499,0.291,0.009,-0.949,0.0,-0.286479,0.0,-1.9480572000000005,16.781939819999998,11.69407278,2
5.000000000000001,500,0.291,0.009,-0.949,0.0572958,-0.3437748,0.0,-1.94232762,16.7590215,11.69407278,2
5.010000000000001,501,0.289,0.009,-0.949,0.1145916,-0.2291832,-0.0572958,-1.94232762,16.753291920000002,11.69407278,2
5.0200000000000005,502,0.29,0.008,-0.949,0.1718874,0.0,-0.0572958,-1.94232762,16.753291920000002,11.69407278,2
5.030000000000001,503,0.292,0.008,-0.952,0.1145916,0.1145916,0.0,-1.93659804,16.753291920000002,11.69407278,2
5.040000000000001,504,0.293,0.009,-0.953,0.0572958,0.0,0.0,-1.93659804,16.753291920000002,11.69407278,2
5.050000000000001,505,0.291,0.009,-0.951,0.0,-0.0572958,0.0,-1.93086846,16.69599612,11.688343199999998,2
5.0600000000000005,506,0.291,0.011,-0.949,-0.0572958,0.0,0.0,-1.93659804,16.69599612,11.688343199999998,2
5.070000000000001,507,0.291,0.012,-0.949,-0.1145916,0.0,0.0,-1.93659804,16.69599612,11.688343199999998,2
5.080000000000001,508,0.291,0.014,-0.948,-0.1145916,-0.1718874,0.0,-1.93659804,16.69599612,11.688343199999998,2
5.090000000000001,509,0.29,0.015,-0.946,-0.1145916,-0.3437748,-0.0572958,-1.93659804,16.69026654,11.688343199999998,2
5.1000000000000005,510,0.29,0.014,-0.944,-0.1145916,-0.1145916,-0.0572958,-1.96524594,16.66734822,11.68261362,2
5.110000000000001,511,0.291,0.014,-0.945,-0.1145916,0.0,-0.0572958,-1.96524594,16.66734822,11.68261362,2
5.120000000000001,512,0.29,0.012,-0.946,-0.0572958,0.0,0.0,-1.96524594,16.66734822,11.68261362,2
5.130000000000001,513,0.292,0.008,-0.944,-0.1718874,0.1145916,0.0,-1.97097552,16.66734822,11.68261362,2
5.140000000000001,514,0.292,0.0069999999999999,-0.943,-0.3437748,0.0572958,0.0572958,-1.97097552,16.6730778,11.68261362,2
5.15,515,0.294,0.009,-0.946,-0.3437748,0.1718874,0.1145916,-1.97097552,16.678807380000002,11.68261362,2
5.160000000000001,516,0.296,0.011,-0.947,-0.1145916,0.286479,0.2291832,-1.97097552,16.678807380000002,11.688343199999998,2
5.170000000000001,517,0.296,0.013,-0.949,0.0,0.286479,0.3437748,-1.97097552,16.68453696,11.688343199999998,2
5.180000000000001,518,0.296,0.011,-0.95,0.0572958,0.1718874,0.286479,-1.97097552,16.68453696,11.69407278,2
5.19,519,0.295,0.012,-0.952,0.1145916,0.2291832,0.4010706,-1.96524594,16.69026654,11.699802359999998,2
5.200000000000001,520,0.293,0.011,-0.953,0.0572958,0.0572958,0.286479,-1.9595163600000003,16.678807380000002,11.699802359999998,2
5.210000000000001,521,0.292,0.013,-0.952,-0.0572958,0.0,0.1145916,-1.9595163600000003,16.678807380000002,11.70553194,2
5.220000000000001,522,0.292,0.013,-0.948,-0.0572958,0.0,0.1145916,-1.9595163600000003,16.678807380000002,11.70553194,2
5.23,523,0.292,0.014,-0.946,-0.0572958,0.0,0.0,-1.9595163600000003,16.678807380000002,11.70553194,2
5.240000000000001,524,0.293,0.014,-0.946,0.0572958,0.0572958,0.0,-1.9595163600000003,16.678807380000002,11.70553194,2
5.250000000000001,525,0.293,0.014,-0.949,0.1145916,0.0,0.0,-1.98243468,16.66734822,11.699802359999998,2
5.260000000000001,526,0.292,0.013,-0.948,0.0572958,0.0572958,0.0,-1.98243468,16.66734822,11.699802359999998,2
5.2700000000000005,527,0.292,0.012,-0.95,0.1145916,0.0572958,0.0,-1.98243468,16.6730778,11.699802359999998,2
5.280000000000001,528,0.293,0.012,-0.952,0.0572958,0.0572958,0.0,-1.98243468,16.6730778,11.699802359999998,2
5.290000000000001,529,0.291,0.012,-0.951,0.1145916,0.0572958,0.0,-1.98243468,16.6730778,11.699802359999998,2
5.300000000000001,530,0.291,0.013,-0.951,0.0,0.1718874,0.0,-1.98816426,16.6444299,11.699802359999998,2
5.3100000000000005,531,0.292,0.013,-0.95,0.0,0.0572958,-0.0572958,-1.98816426,16.6444299,11.699802359999998,2
5.320000000000001,532,0.293,0.012,-0.95,0.0,0.0,0.0,-1.98816426,16.6444299,11.699802359999998,2
5.330000000000001,533,0.293,0.012,-0.95,0.0,0.0,0.0,-1.98816426,16.6444299,11.699802359999998,2
5.340000000000001,534,0.293,0.011,-0.949,0.1145916,-0.2291832,0.0,-1.98816426,16.638700319999998,11.699802359999998,2
5.3500000000000005,535,0.293,0.009,-0.948,0.0,-0.2291832,0.0,-1.98243468,16.638700319999998,11.699802359999998,2
5.360000000000001,536,0.291,0.01,-0.949,0.0,0.0,0.0572958,-1.98243468,16.638700319999998,11.699802359999998,2
5.370000000000001,537,0.29,0.01,-0.95,-0.0572958,0.0,0.0572958,-1.98243468,16.638700319999998,11.699802359999998,2
5.380000000000001,538,0.291,0.011,-0.951,-0.1718874,-0.1145916,0.0,-1.98243468,16.638700319999998,11.699802359999998,2
5.390000000000001,539,0.29,0.012,-0.949,-0.1145916,-0.1145916,0.0,-1.98816426,16.638700319999998,11.699802359999998,2
5.400000000000001,540,0.29,0.01,-0.947,-0.0572958,-0.1718874,0.0572958,-1.98243468,16.615782,11.699802359999998,2
5.410000000000001,541,0.29,0.011,-0.948,0.0,-0.1145916,0.0,-1.98243468,16.615782,11.699802359999998,2
5.420000000000001,542,0.29,0.009,-0.949,0.0572958,0.0572958,0.0,-1.98243468,16.615782,11.699802359999998,2
5.430000000000001,543,0.291,0.01,-0.948,0.0,0.3437748,0.1145916,-1.98243468,16.621511579999996,11.70553194,2
5.440000000000001,544,0.292,0.009,-0.947,0.0,0.4010706,0.0,-1.98243468,16.62724116,11.70553194,2
5.450000000000001,545,0.292,0.011,-0.948,-0.0572958,0.4583664000000001,0.0572958,-1.9767051,16.621511579999996,11.70553194,2
5.460000000000001,546,0.292,0.011,-0.949,0.1145916,0.4010706,0.1145916,-1.9767051,16.62724116,11.70553194,2
5.470000000000001,547,0.292,0.01,-0.949,0.1145916,0.4583664000000001,0.1145916,-1.9767051,16.632970739999998,11.70553194,2
5.48,548,0.293,0.011,-0.948,0.1145916,0.4583664000000001,0.1718874,-1.97097552,16.638700319999998,11.71126152,2
